strategy,base,tier,odds,oos_win,oos_roi,bets,backed,price_column,graded_against,min_odds_floor,hold_sec,window_sec,market_status_columns,n_conditions,conditions,sql_predicate,source_book
BAS_spec:HT_Unde_0017,,Jobber,2.427,49.6,21.6,273,,backed-side price at arm,"final_winner (recorded settlement, never derived)",1.4,5,60,market_status · total_goals_market_active where present,3,lead_vs_line <= -160.315 AND open_gap <= 2.2797 AND ten_mins <= 23.4333,"""lead_vs_line"" IS NOT NULL AND ""lead_vs_line"" <= -160.315 AND ""open_gap"" IS NOT NULL AND ""open_gap"" <= 2.2797 AND ""ten_mins"" IS NOT NULL AND ""ten_mins"" <= 23.4333",COMBINA_1027.xlsx
BAS_spec:Leader_0056,spec:Leader,Npc,1.601,73.5,16.2,374,spec:Leader,backed-side price at arm,"final_winner (recorded settlement, never derived)",1.4,5,60,market_status · total_goals_market_active where present,1,imbal >= 0.0139,"""imbal"" IS NOT NULL AND ""imbal"" >= 0.0139",COMBINA_1027.xlsx
BAS_late_lead_ho_0219,late_lead_hold,Jobber,2.437,47,16.2,355,late_lead_hold,backed-side price at arm,"final_winner (recorded settlement, never derived)",1.4,5,60,market_status · total_goals_market_active where present,1,req_ratio >= 1.1619,"""req_ratio"" IS NOT NULL AND ""req_ratio"" >= 1.1619",COMBINA_1027.xlsx
BAS_late_lead_ho_0224,late_lead_hold,Jobber,2.318,49.8,15.7,419,late_lead_hold,backed-side price at arm,"final_winner (recorded settlement, never derived)",1.4,5,60,market_status · total_goals_market_active where present,1,tg_overround <= 1.1237,"""tg_overround"" IS NOT NULL AND ""tg_overround"" <= 1.1237",COMBINA_1027.xlsx
BAS_prop:late_le_0246,prop:late_lead_hold,Vision,2.353,50.9,15.3,323,prop:late_lead_hold,backed-side price at arm,"final_winner (recorded settlement, never derived)",1.4,5,60,market_status · total_goals_market_active where present,1,tot_vs_line <= -76.8692,"""tot_vs_line"" IS NOT NULL AND ""tot_vs_line"" <= -76.8692",COMBINA_1027.xlsx
BAS_prop:late_le_0252,prop:late_lead_hold,Vision,2.263,51.9,15,306,prop:late_lead_hold,backed-side price at arm,"final_winner (recorded settlement, never derived)",1.4,5,60,market_status · total_goals_market_active where present,1,prematch_dog_odds <= 4.45,"""prematch_dog_odds"" IS NOT NULL AND ""prematch_dog_odds"" <= 4.45",COMBINA_1027.xlsx
BAS_prop:late_le_0241,prop:late_lead_hold,Vision,2.283,50,12.1,317,prop:late_lead_hold,backed-side price at arm,"final_winner (recorded settlement, never derived)",1.4,5,60,market_status · total_goals_market_active where present,1,dog_odds_trend_60 >= -0.6769,"""dog_odds_trend_60"" IS NOT NULL AND ""dog_odds_trend_60"" >= -0.6769",COMBINA_1027.xlsx
LZ_V270_BASK_022,,Npc,2.033,64.4,18.4,235,,backed-side price at arm,"final_winner (recorded settlement, never derived)",1.4,5,60,market_status · total_goals_market_active where present,3,lead_vs_med >= 1.0267 AND lead_size >= 7 AND lead_odds >= 1.50,"""lead_vs_med"" IS NOT NULL AND ""lead_vs_med"" >= 1.0267 AND ""lead_size"" IS NOT NULL AND ""lead_size"" >= 7 AND ""lead_odds"" IS NOT NULL AND ""lead_odds"" >= 1.50",COMBINA_1027.xlsx
BAS_late_lead_ho_0220,late_lead_hold,Jobber,2.431,47.8,17.3,290,late_lead_hold,backed-side price at arm,"final_winner (recorded settlement, never derived)",1.4,5,60,market_status · total_goals_market_active where present,1,req_ratio >= 1.2596,"""req_ratio"" IS NOT NULL AND ""req_ratio"" >= 1.2596",COMBINA_1027.xlsx
BAS_dog_leading_0156,dog_leading,Jobber,2.433,46.4,15.6,301,dog_leading,backed-side price at arm,"final_winner (recorded settlement, never derived)",1.4,5,60,market_status · total_goals_market_active where present,1,req_ratio >= 1.2493,"""req_ratio"" IS NOT NULL AND ""req_ratio"" >= 1.2493",COMBINA_1027.xlsx
BAS_late_lead_ho_0225,late_lead_hold,Jobber,2.47,46.2,12.1,316,late_lead_hold,backed-side price at arm,"final_winner (recorded settlement, never derived)",1.4,5,60,market_status · total_goals_market_active where present,1,retrace_lo <= 0.1263,"""retrace_lo"" IS NOT NULL AND ""retrace_lo"" <= 0.1263",COMBINA_1027.xlsx
LZ_V270_BASK_015,,Vision,2.193,57.5,11.8,346,,backed-side price at arm,"final_winner (recorded settlement, never derived)",1.4,5,60,market_status · total_goals_market_active where present,3,lead_size >= 7 AND drift_ratio >= 0.6632 AND lead_odds >= 1.50,"""lead_size"" IS NOT NULL AND ""lead_size"" >= 7 AND ""drift_ratio"" IS NOT NULL AND ""drift_ratio"" >= 0.6632 AND ""lead_odds"" IS NOT NULL AND ""lead_odds"" >= 1.50",COMBINA_1027.xlsx
BAS_late_lead_ho_0226,late_lead_hold,Jobber,2.218,49.7,11.2,364,late_lead_hold,backed-side price at arm,"final_winner (recorded settlement, never derived)",1.4,5,60,market_status · total_goals_market_active where present,1,leader_implied_gap >= -0.4524,"""leader_implied_gap"" IS NOT NULL AND ""leader_implied_gap"" >= -0.4524",COMBINA_1027.xlsx
BAS_prop:shorten_0187,prop:shortener_vs_open,Npc,1.649,67.1,10.2,295,prop:shortener_vs_open,backed-side price at arm,"final_winner (recorded settlement, never derived)",1.4,5,60,market_status · total_goals_market_active where present,1,imbal >= 0.0217,"""imbal"" IS NOT NULL AND ""imbal"" >= 0.0217",COMBINA_1027.xlsx
BAS_dog_leading_0172,dog_leading,Jobber,2.496,44.4,9.7,384,dog_leading,backed-side price at arm,"final_winner (recorded settlement, never derived)",1.4,5,60,market_status · total_goals_market_active where present,1,tg_overround <= 1.1237,"""tg_overround"" IS NOT NULL AND ""tg_overround"" <= 1.1237",COMBINA_1027.xlsx
BAS_dog_leading_0164,dog_leading,Jobber,2.341,47.5,9,344,dog_leading,backed-side price at arm,"final_winner (recorded settlement, never derived)",1.4,5,60,market_status · total_goals_market_active where present,1,tg_overround <= 1.1169,"""tg_overround"" IS NOT NULL AND ""tg_overround"" <= 1.1169",COMBINA_1027.xlsx
BAS_prop:first_s_0035,prop:first_scorer_hold,Jobber,2.277,48.6,8.9,305,prop:first_scorer_hold,backed-side price at arm,"final_winner (recorded settlement, never derived)",1.4,5,60,market_status · total_goals_market_active where present,2,px_gap_ratio <= 1.5 AND tg_overround <= 1.1237,"""px_gap_ratio"" IS NOT NULL AND ""px_gap_ratio"" <= 1.5 AND ""tg_overround"" IS NOT NULL AND ""tg_overround"" <= 1.1237",COMBINA_1027.xlsx
BAS_late_lead_ho_0228,late_lead_hold,Jobber,2.388,44.8,8.4,349,late_lead_hold,backed-side price at arm,"final_winner (recorded settlement, never derived)",1.4,5,60,market_status · total_goals_market_active where present,1,u_drift <= 1.8124,"""u_drift"" IS NOT NULL AND ""u_drift"" <= 1.8124",COMBINA_1027.xlsx
BAS_dog_leading_0168,dog_leading,Jobber,2.399,46.1,8.3,322,dog_leading,backed-side price at arm,"final_winner (recorded settlement, never derived)",1.4,5,60,market_status · total_goals_market_active where present,2,tg_overround <= 1.1148 AND req_ratio >= 1.2386,"""tg_overround"" IS NOT NULL AND ""tg_overround"" <= 1.1148 AND ""req_ratio"" IS NOT NULL AND ""req_ratio"" >= 1.2386",COMBINA_1027.xlsx
BAS_prop:drifter_0006,prop:drifter_vs_open,Ino,5.405,19.6,8.3,294,prop:drifter_vs_open,backed-side price at arm,"final_winner (recorded settlement, never derived)",1.4,5,60,market_status · total_goals_market_active where present,3,X_minute__over__u_vol <= 2696.29 AND clean_sheet <= 0 AND lead_m15 <= 1,"""X_minute__over__u_vol"" IS NOT NULL AND ""X_minute__over__u_vol"" <= 2696.29 AND ""clean_sheet"" IS NOT NULL AND ""clean_sheet"" <= 0 AND ""lead_m15"" IS NOT NULL AND ""lead_m15"" <= 1",COMBINA_1027.xlsx
BAS_late_lead_ho_0091,late_lead_hold,Npc,1.568,68.7,7.9,343,late_lead_hold,backed-side price at arm,"final_winner (recorded settlement, never derived)",1.4,5,60,market_status · total_goals_market_active where present,1,loser_runmax >= 1.8722,"""loser_runmax"" IS NOT NULL AND ""loser_runmax"" >= 1.8722",COMBINA_1027.xlsx
BAS_spec:HT_Unde_0010,spec:HT_Underdog_Fade,Jobber,2.671,40.9,7.2,344,spec:HT_Underdog_Fade,backed-side price at arm,"final_winner (recorded settlement, never derived)",1.4,5,60,market_status · total_goals_market_active where present,1,tp_vel_n >= 0.0108,"""tp_vel_n"" IS NOT NULL AND ""tp_vel_n"" >= 0.0108",COMBINA_1027.xlsx
BAS_prop:first_s_0032,prop:first_scorer_hold,Jobber,2.409,43.5,7.1,336,prop:first_scorer_hold,backed-side price at arm,"final_winner (recorded settlement, never derived)",1.4,5,60,market_status · total_goals_market_active where present,1,nchg_120 <= 1,"""nchg_120"" IS NOT NULL AND ""nchg_120"" <= 1",COMBINA_1027.xlsx
BAS_dog_leading_0134,dog_leading,Npc,1.709,62.6,7,331,dog_leading,backed-side price at arm,"final_winner (recorded settlement, never derived)",1.4,5,60,market_status · total_goals_market_active where present,1,fav_odds_trend_60 <= 0.2231,"""fav_odds_trend_60"" IS NOT NULL AND ""fav_odds_trend_60"" <= 0.2231",COMBINA_1027.xlsx
BAS_prop:shorten_0188,prop:shortener_vs_open,Npc,1.654,64.9,6.9,300,prop:shortener_vs_open,backed-side price at arm,"final_winner (recorded settlement, never derived)",1.4,5,60,market_status · total_goals_market_active where present,1,rk_dog_odds >= 1.84,"""rk_dog_odds"" IS NOT NULL AND ""rk_dog_odds"" >= 1.84",COMBINA_1027.xlsx
BAS_prop:drifter_0007,prop:drifter_vs_open,Feeder,5.137,21.2,6.8,344,prop:drifter_vs_open,backed-side price at arm,"final_winner (recorded settlement, never derived)",1.4,5,60,market_status · total_goals_market_active where present,1,lead_vs_line <= -170.833,"""lead_vs_line"" IS NOT NULL AND ""lead_vs_line"" <= -170.833",COMBINA_1027.xlsx
BAS_late_lead_ho_0088,late_lead_hold,Npc,1.568,67.9,6.5,348,late_lead_hold,backed-side price at arm,"final_winner (recorded settlement, never derived)",1.4,5,60,market_status · total_goals_market_active where present,1,trailer_price >= 1.8518,"""trailer_price"" IS NOT NULL AND ""trailer_price"" >= 1.8518",COMBINA_1027.xlsx
BAS_q1_winner_0125,q1_winner,Npc,1.513,70.6,6.3,388,q1_winner,backed-side price at arm,"final_winner (recorded settlement, never derived)",1.4,5,60,market_status · total_goals_market_active where present,1,rk_implied_edge >= 0.0536,"""rk_implied_edge"" IS NOT NULL AND ""rk_implied_edge"" >= 0.0536",COMBINA_1027.xlsx
BAS_late_lead_ho_0227,late_lead_hold,Jobber,2.236,47.7,6.3,302,late_lead_hold,backed-side price at arm,"final_winner (recorded settlement, never derived)",1.4,5,60,market_status · total_goals_market_active where present,1,u_vel_t >= -0.0412,"""u_vel_t"" IS NOT NULL AND ""u_vel_t"" >= -0.0412",COMBINA_1027.xlsx
BAS_dog_leading_0169,dog_leading,Jobber,2.33,46.4,6.3,341,dog_leading,backed-side price at arm,"final_winner (recorded settlement, never derived)",1.4,5,60,market_status · total_goals_market_active where present,2,tg_overround <= 1.1169 AND opp_drift <= 1.0436,"""tg_overround"" IS NOT NULL AND ""tg_overround"" <= 1.1169 AND ""opp_drift"" IS NOT NULL AND ""opp_drift"" <= 1.0436",COMBINA_1027.xlsx
BAS_prop:first_s_0036,prop:first_scorer_hold,Jobber,2.411,44.1,6.3,306,prop:first_scorer_hold,backed-side price at arm,"final_winner (recorded settlement, never derived)",1.4,5,60,market_status · total_goals_market_active where present,1,loser_runmax <= 2.42,"""loser_runmax"" IS NOT NULL AND ""loser_runmax"" <= 2.42",COMBINA_1027.xlsx
BAS_spec:HT_Unde_0011,spec:HT_Underdog_Fade,Jobber,2.585,41,6.2,347,spec:HT_Underdog_Fade,backed-side price at arm,"final_winner (recorded settlement, never derived)",1.4,5,60,market_status · total_goals_market_active where present,1,u_drift <= 1,"""u_drift"" IS NOT NULL AND ""u_drift"" <= 1",COMBINA_1027.xlsx
BAS_late_lead_ho_0093,late_lead_hold,Npc,1.614,66.1,6,341,late_lead_hold,backed-side price at arm,"final_winner (recorded settlement, never derived)",1.4,5,60,market_status · total_goals_market_active where present,1,pm_away <= 2.77,"""pm_away"" IS NOT NULL AND ""pm_away"" <= 2.77",COMBINA_1027.xlsx
BAS_late_lead_ho_0090,late_lead_hold,Npc,1.611,66.3,5.8,352,late_lead_hold,backed-side price at arm,"final_winner (recorded settlement, never derived)",1.4,5,60,market_status · total_goals_market_active where present,1,lead_changes_total <= 2,"""lead_changes_total"" IS NOT NULL AND ""lead_changes_total"" <= 2",COMBINA_1027.xlsx
BAS_prop:garbage_0121,prop:garbage_under,Npc,1.761,60,5.8,337,prop:garbage_under,backed-side price at arm,"final_winner (recorded settlement, never derived)",1.4,5,60,market_status · total_goals_market_active where present,1,motif_1 <= 0,"""motif_1"" IS NOT NULL AND ""motif_1"" <= 0",COMBINA_1027.xlsx
BAS_q1_winner_0133,q1_winner,Npc,1.463,72,5.7,336,q1_winner,backed-side price at arm,"final_winner (recorded settlement, never derived)",1.4,5,60,market_status · total_goals_market_active where present,1,rk_implied_edge >= 0.1704,"""rk_implied_edge"" IS NOT NULL AND ""rk_implied_edge"" >= 0.1704",COMBINA_1027.xlsx
BAS_prop:match_s_0151,prop:match_spread_cover,Vision,1.922,55.5,5.7,271,prop:match_spread_cover,backed-side price at arm,"final_winner (recorded settlement, never derived)",1.4,5,60,market_status · total_goals_market_active where present,2,spread_cover_now <= 10.8231 AND price_rank_in_match >= 0.0186,"""spread_cover_now"" IS NOT NULL AND ""spread_cover_now"" <= 10.8231 AND ""price_rank_in_match"" IS NOT NULL AND ""price_rank_in_match"" >= 0.0186",COMBINA_1027.xlsx
BAS_dog_leading_0165,dog_leading,Jobber,2.323,45,5.7,318,dog_leading,backed-side price at arm,"final_winner (recorded settlement, never derived)",1.4,5,60,market_status · total_goals_market_active where present,1,loser_runmin >= 1.28,"""loser_runmin"" IS NOT NULL AND ""loser_runmin"" >= 1.28",COMBINA_1027.xlsx
BAS_tg_under_0045,tg_under,Vision,1.908,55.6,5.6,367,tg_under,backed-side price at arm,"final_winner (recorded settlement, never derived)",1.4,5,60,market_status · total_goals_market_active where present,1,X_X_u_elapsed__minus__u_time_in_lead__over__X_u_pace__over__u_time_in_lead <= 0.0224,"""X_X_u_elapsed__minus__u_time_in_lead__over__X_u_pace__over__u_time_in_lead"" IS NOT NULL AND ""X_X_u_elapsed__minus__u_time_in_lead__over__X_u_pace__over__u_time_in_lead"" <= 0.0224",COMBINA_1027.xlsx
BAS_spread_dog_c_0201,spread_dog_cover,Vision,1.922,55,5.6,295,spread_dog_cover,backed-side price at arm,"final_winner (recorded settlement, never derived)",1.4,5,60,market_status · total_goals_market_active where present,1,X_u_elapsed__x__u_time_in_lead >= 0.2114,"""X_u_elapsed__x__u_time_in_lead"" IS NOT NULL AND ""X_u_elapsed__x__u_time_in_lead"" >= 0.2114",COMBINA_1027.xlsx
BAS_prop:late_le_0251,prop:late_lead_hold,Jobber,2.33,46.9,5.3,338,prop:late_lead_hold,backed-side price at arm,"final_winner (recorded settlement, never derived)",1.4,5,60,market_status · total_goals_market_active where present,1,retrace_lead <= 0.3623,"""retrace_lead"" IS NOT NULL AND ""retrace_lead"" <= 0.3623",COMBINA_1027.xlsx
BAS_prop:q4_clos_0253,prop:q4_close_trailer,Feeder,3.897,27.1,5.3,331,prop:q4_close_trailer,backed-side price at arm,"final_winner (recorded settlement, never derived)",1.4,5,60,market_status · total_goals_market_active where present,1,away_odds <= 4.0695,"""away_odds"" IS NOT NULL AND ""away_odds"" <= 4.0695",COMBINA_1027.xlsx
BAS_SHORTENED_0049,SHORTENED,Npc,1.606,66,5.2,311,SHORTENED,backed-side price at arm,"final_winner (recorded settlement, never derived)",1.4,5,60,market_status · total_goals_market_active where present,1,trailer_price >= 1.8315,"""trailer_price"" IS NOT NULL AND ""trailer_price"" >= 1.8315",COMBINA_1027.xlsx
BAS_prop:fresh_l_0257,prop:fresh_lead,Npc,1.589,66.5,4.9,353,prop:fresh_lead,backed-side price at arm,"final_winner (recorded settlement, never derived)",1.4,5,60,market_status · total_goals_market_active where present,1,margin_range_300s <= 5,"""margin_range_300s"" IS NOT NULL AND ""margin_range_300s"" <= 5",COMBINA_1027.xlsx
BAS_prop:shorten_0185,prop:shortener_vs_open,Npc,1.65,63.4,4.9,347,prop:shortener_vs_open,backed-side price at arm,"final_winner (recorded settlement, never derived)",1.4,5,60,market_status · total_goals_market_active where present,1,dog_odds_vol_180 <= 0.367,"""dog_odds_vol_180"" IS NOT NULL AND ""dog_odds_vol_180"" <= 0.367",COMBINA_1027.xlsx
BAS_prop:shorten_0189,prop:shortener_vs_open,Npc,1.654,63.5,4.9,321,prop:shortener_vs_open,backed-side price at arm,"final_winner (recorded settlement, never derived)",1.4,5,60,market_status · total_goals_market_active where present,1,lead_vs_prematch_gap <= -0.0106,"""lead_vs_prematch_gap"" IS NOT NULL AND ""lead_vs_prematch_gap"" <= -0.0106",COMBINA_1027.xlsx
BAS_prop:first_s_0026,prop:first_scorer_hold,Jobber,2.248,47.1,4.8,317,prop:first_scorer_hold,backed-side price at arm,"final_winner (recorded settlement, never derived)",1.4,5,60,market_status · total_goals_market_active where present,1,price_gap <= 1.89,"""price_gap"" IS NOT NULL AND ""price_gap"" <= 1.89",COMBINA_1027.xlsx
BAS_tg_under_lag_0123,tg_under_lag,Vision,1.902,55.2,4.7,347,tg_under_lag,backed-side price at arm,"final_winner (recorded settlement, never derived)",1.4,5,60,market_status · total_goals_market_active where present,1,line_vel <= 3,"""line_vel"" IS NOT NULL AND ""line_vel"" <= 3",COMBINA_1027.xlsx
BAS_prop:first_s_0042,prop:first_scorer_hold,Jobber,2.265,46.4,4.7,323,prop:first_scorer_hold,backed-side price at arm,"final_winner (recorded settlement, never derived)",1.4,5,60,market_status · total_goals_market_active where present,2,prog_period <= 0.3414 AND rk_implied_edge <= 0.4534,"""prog_period"" IS NOT NULL AND ""prog_period"" <= 0.3414 AND ""rk_implied_edge"" IS NOT NULL AND ""rk_implied_edge"" <= 0.4534",COMBINA_1027.xlsx
BAS_prop:first_s_0027,prop:first_scorer_hold,Jobber,2.351,43.7,4.6,323,prop:first_scorer_hold,backed-side price at arm,"final_winner (recorded settlement, never derived)",1.4,5,60,market_status · total_goals_market_active where present,1,prog_period <= 0.5091,"""prog_period"" IS NOT NULL AND ""prog_period"" <= 0.5091",COMBINA_1027.xlsx
BAS_prop:shorten_0192,prop:shortener_vs_open,Npc,1.672,62.9,4.5,319,prop:shortener_vs_open,backed-side price at arm,"final_winner (recorded settlement, never derived)",1.4,5,60,market_status · total_goals_market_active where present,2,lead_vs_med <= 0.941 AND ten_mins <= 16.5308,"""lead_vs_med"" IS NOT NULL AND ""lead_vs_med"" <= 0.941 AND ""ten_mins"" IS NOT NULL AND ""ten_mins"" <= 16.5308",COMBINA_1027.xlsx
BAS_dog_leading_0160,dog_leading,Jobber,2.443,43.7,4.5,337,dog_leading,backed-side price at arm,"final_winner (recorded settlement, never derived)",1.4,5,60,market_status · total_goals_market_active where present,2,tg_overround <= 1.1175 AND req_ratio >= 1.195,"""tg_overround"" IS NOT NULL AND ""tg_overround"" <= 1.1175 AND ""req_ratio"" IS NOT NULL AND ""req_ratio"" >= 1.195",COMBINA_1027.xlsx
BAS_lead_ml_0069,lead_ml,Npc,1.587,66.5,4.4,396,lead_ml,backed-side price at arm,"final_winner (recorded settlement, never derived)",1.4,5,60,market_status · total_goals_market_active where present,2,dp_lead_open <= 2.75 AND lead_m15 <= 1,"""dp_lead_open"" IS NOT NULL AND ""dp_lead_open"" <= 2.75 AND ""lead_m15"" IS NOT NULL AND ""lead_m15"" <= 1",COMBINA_1027.xlsx
BAS_prop:shorten_0183,prop:shortener_vs_open,Npc,1.665,62.9,4.3,330,prop:shortener_vs_open,backed-side price at arm,"final_winner (recorded settlement, never derived)",1.4,5,60,market_status · total_goals_market_active where present,1,X_minute__over__u_elapsed <= 43.0064,"""X_minute__over__u_elapsed"" IS NOT NULL AND ""X_minute__over__u_elapsed"" <= 43.0064",COMBINA_1027.xlsx
BAS_prop:late_le_0208,prop:late_lead_hold,Npc,1.604,64.6,4.1,357,prop:late_lead_hold,backed-side price at arm,"final_winner (recorded settlement, never derived)",1.4,5,60,market_status · total_goals_market_active where present,1,leader_implied_gap >= 0.0232,"""leader_implied_gap"" IS NOT NULL AND ""leader_implied_gap"" >= 0.0232",COMBINA_1027.xlsx
BAS_late_lead_ho_0089,late_lead_hold,Npc,1.638,64.1,4.1,339,late_lead_hold,backed-side price at arm,"final_winner (recorded settlement, never derived)",1.4,5,60,market_status · total_goals_market_active where present,1,X_minute__over__u_vol <= 353.579,"""X_minute__over__u_vol"" IS NOT NULL AND ""X_minute__over__u_vol"" <= 353.579",COMBINA_1027.xlsx
BAS_late_lead_ho_0221,late_lead_hold,Jobber,2.408,44.3,4.1,280,late_lead_hold,backed-side price at arm,"final_winner (recorded settlement, never derived)",1.4,5,60,market_status · total_goals_market_active where present,2,tg_overround <= 1.1237 AND secs_since_quarter_start <= 41.6871,"""tg_overround"" IS NOT NULL AND ""tg_overround"" <= 1.1237 AND ""secs_since_quarter_start"" IS NOT NULL AND ""secs_since_quarter_start"" <= 41.6871",COMBINA_1027.xlsx
BAS_q1_winner_0128,q1_winner,Npc,1.481,70.3,4,341,q1_winner,backed-side price at arm,"final_winner (recorded settlement, never derived)",1.4,5,60,market_status · total_goals_market_active where present,1,rk_implied_edge >= 0.107,"""rk_implied_edge"" IS NOT NULL AND ""rk_implied_edge"" >= 0.107",COMBINA_1027.xlsx
BAS_spread_dog_c_0102,spread_dog_cover,Vision,1.8,57.7,3.9,349,spread_dog_cover,backed-side price at arm,"final_winner (recorded settlement, never derived)",1.4,5,60,market_status · total_goals_market_active where present,1,price_move_since_score <= 1,"""price_move_since_score"" IS NOT NULL AND ""price_move_since_score"" <= 1",COMBINA_1027.xlsx
BAS_spec:TG_Hist_0046,spec:TG_Historical_vs_Handicap_Under,Vision,1.914,54.8,3.9,320,spec:TG_Historical_vs_Handicap_Under,backed-side price at arm,"final_winner (recorded settlement, never derived)",1.4,5,60,market_status · total_goals_market_active where present,1,dog_odds_vol_180 <= 0.3005,"""dog_odds_vol_180"" IS NOT NULL AND ""dog_odds_vol_180"" <= 0.3005",COMBINA_1027.xlsx
BAS_prop:shorten_0212,prop:shortener_vs_open,Jobber,2.408,44.4,3.9,298,prop:shortener_vs_open,backed-side price at arm,"final_winner (recorded settlement, never derived)",1.4,5,60,market_status · total_goals_market_active where present,1,tg_px_ratio <= 1.1543,"""tg_px_ratio"" IS NOT NULL AND ""tg_px_ratio"" <= 1.1543",COMBINA_1027.xlsx
BAS_prop:shorten_0190,prop:shortener_vs_open,Npc,1.662,63.2,3.8,361,prop:shortener_vs_open,backed-side price at arm,"final_winner (recorded settlement, never derived)",1.4,5,60,market_status · total_goals_market_active where present,1,u_vel_t <= 0,"""u_vel_t"" IS NOT NULL AND ""u_vel_t"" <= 0",COMBINA_1027.xlsx
BAS_prop:garbage_0120,prop:garbage_under,Vision,1.767,58.6,3.8,354,prop:garbage_under,backed-side price at arm,"final_winner (recorded settlement, never derived)",1.4,5,60,market_status · total_goals_market_active where present,1,pts_last_60s >= 1.5,"""pts_last_60s"" IS NOT NULL AND ""pts_last_60s"" >= 1.5",COMBINA_1027.xlsx
BAS_dog_leading_0171,dog_leading,Jobber,2.474,43.4,3.8,318,dog_leading,backed-side price at arm,"final_winner (recorded settlement, never derived)",1.4,5,60,market_status · total_goals_market_active where present,2,opp_drift <= 1.0492 AND tg_overround <= 1.1169,"""opp_drift"" IS NOT NULL AND ""opp_drift"" <= 1.0492 AND ""tg_overround"" IS NOT NULL AND ""tg_overround"" <= 1.1169",COMBINA_1027.xlsx
BAS_spec:HT_Unde_0110,spec:HT_Underdog_Fade,Npc,1.734,60.1,3.7,348,spec:HT_Underdog_Fade,backed-side price at arm,"final_winner (recorded settlement, never derived)",1.4,5,60,market_status · total_goals_market_active where present,1,lead_vs_med <= 1.1401,"""lead_vs_med"" IS NOT NULL AND ""lead_vs_med"" <= 1.1401",COMBINA_1027.xlsx
BAS_prop:first_s_0040,prop:first_scorer_hold,Jobber,2.256,46,3.7,316,prop:first_scorer_hold,backed-side price at arm,"final_winner (recorded settlement, never derived)",1.4,5,60,market_status · total_goals_market_active where present,2,loser_runmin >= 1.2769 AND u_jump <= 1.0976,"""loser_runmin"" IS NOT NULL AND ""loser_runmin"" >= 1.2769 AND ""u_jump"" IS NOT NULL AND ""u_jump"" <= 1.0976",COMBINA_1027.xlsx
BAS_prop:first_s_0038,prop:first_scorer_hold,Jobber,2.219,46.5,3.6,372,prop:first_scorer_hold,backed-side price at arm,"final_winner (recorded settlement, never derived)",1.4,5,60,market_status · total_goals_market_active where present,1,tg_px_ratio >= 1,"""tg_px_ratio"" IS NOT NULL AND ""tg_px_ratio"" >= 1",COMBINA_1027.xlsx
BAS_dog_covering_0074,dog_covering_late,Vision,1.8,57.5,3.5,341,dog_covering_late,backed-side price at arm,"final_winner (recorded settlement, never derived)",1.4,5,60,market_status · total_goals_market_active where present,1,u_ratio_open <= 2.8369,"""u_ratio_open"" IS NOT NULL AND ""u_ratio_open"" <= 2.8369",COMBINA_1027.xlsx
BAS_spread_dog_c_0105,spread_dog_cover,Vision,1.8,57.4,3.4,308,spread_dog_cover,backed-side price at arm,"final_winner (recorded settlement, never derived)",1.4,5,60,market_status · total_goals_market_active where present,2,price_move_since_score <= 1 AND backed_pts_last_60s <= 3.8538,"""price_move_since_score"" IS NOT NULL AND ""price_move_since_score"" <= 1 AND ""backed_pts_last_60s"" IS NOT NULL AND ""backed_pts_last_60s"" <= 3.8538",COMBINA_1027.xlsx
BAS_prop:first_s_0082,prop:first_scorer_hold,Npc,1.614,64.8,3.3,328,prop:first_scorer_hold,backed-side price at arm,"final_winner (recorded settlement, never derived)",1.4,5,60,market_status · total_goals_market_active where present,2,tg_imp_over >= 0.5165 AND lead_changes_total <= 1,"""tg_imp_over"" IS NOT NULL AND ""tg_imp_over"" >= 0.5165 AND ""lead_changes_total"" IS NOT NULL AND ""lead_changes_total"" <= 1",COMBINA_1027.xlsx
BAS_spec:Leader_0054,spec:Leader,Npc,1.548,66.7,3.1,413,spec:Leader,backed-side price at arm,"final_winner (recorded settlement, never derived)",1.4,5,60,market_status · total_goals_market_active where present,1,trailer_price >= 1.92,"""trailer_price"" IS NOT NULL AND ""trailer_price"" >= 1.92",COMBINA_1027.xlsx
BAS_lead_ml_0060,lead_ml,Npc,1.622,64.3,3.1,405,lead_ml,backed-side price at arm,"final_winner (recorded settlement, never derived)",1.4,5,60,market_status · total_goals_market_active where present,1,dow >= 2,"""dow"" IS NOT NULL AND ""dow"" >= 2",COMBINA_1027.xlsx
BAS_prop:first_s_0086,prop:first_scorer_hold,Npc,1.611,64.3,3.1,361,prop:first_scorer_hold,backed-side price at arm,"final_winner (recorded settlement, never derived)",1.4,5,60,market_status · total_goals_market_active where present,2,trailer_price >= 1.84 AND tg_imp_over >= 0.5126,"""trailer_price"" IS NOT NULL AND ""trailer_price"" >= 1.84 AND ""tg_imp_over"" IS NOT NULL AND ""tg_imp_over"" >= 0.5126",COMBINA_1027.xlsx
BAS_prop:shorten_0184,prop:shortener_vs_open,Npc,1.648,63.3,3.1,342,prop:shortener_vs_open,backed-side price at arm,"final_winner (recorded settlement, never derived)",1.4,5,60,market_status · total_goals_market_active where present,2,imbal >= 0.0164 AND line_flat >= 0.8667,"""imbal"" IS NOT NULL AND ""imbal"" >= 0.0164 AND ""line_flat"" IS NOT NULL AND ""line_flat"" >= 0.8667",COMBINA_1027.xlsx
BAS_dog_leading_0167,dog_leading,Jobber,2.488,42.4,3.1,309,dog_leading,backed-side price at arm,"final_winner (recorded settlement, never derived)",1.4,5,60,market_status · total_goals_market_active where present,1,X_minute__x__u_pace <= 324.3,"""X_minute__x__u_pace"" IS NOT NULL AND ""X_minute__x__u_pace"" <= 324.3",COMBINA_1027.xlsx
BAS_lead_ml_0147,lead_ml,Jobber,2.29,46.1,3,335,lead_ml,backed-side price at arm,"final_winner (recorded settlement, never derived)",1.4,5,60,market_status · total_goals_market_active where present,2,tg_overround <= 1.1237 AND lead_m15 <= 0,"""tg_overround"" IS NOT NULL AND ""tg_overround"" <= 1.1237 AND ""lead_m15"" IS NOT NULL AND ""lead_m15"" <= 0",COMBINA_1027.xlsx
BAS_lead_ml_0062,lead_ml,Npc,1.533,67.2,2.9,339,lead_ml,backed-side price at arm,"final_winner (recorded settlement, never derived)",1.4,5,60,market_status · total_goals_market_active where present,2,trailer_price >= 1.92 AND u_time_in_lead >= 0.0009,"""trailer_price"" IS NOT NULL AND ""trailer_price"" >= 1.92 AND ""u_time_in_lead"" IS NOT NULL AND ""u_time_in_lead"" >= 0.0009",COMBINA_1027.xlsx
BAS_spread_dog_c_0256,spread_dog_cover,Npc,1.578,64.9,2.9,365,spread_dog_cover,backed-side price at arm,"final_winner (recorded settlement, never derived)",1.4,5,60,market_status · total_goals_market_active where present,1,trailer_drift <= 4.1282,"""trailer_drift"" IS NOT NULL AND ""trailer_drift"" <= 4.1282",COMBINA_1027.xlsx
BAS_prop:shorten_0200,prop:shortener_vs_open,Npc,1.648,62.8,2.9,291,prop:shortener_vs_open,backed-side price at arm,"final_winner (recorded settlement, never derived)",1.4,5,60,market_status · total_goals_market_active where present,2,req_ratio >= 1.0985 AND lead_vs_prematch_gap <= -0.0126,"""req_ratio"" IS NOT NULL AND ""req_ratio"" >= 1.0985 AND ""lead_vs_prematch_gap"" IS NOT NULL AND ""lead_vs_prematch_gap"" <= -0.0126",COMBINA_1027.xlsx
BAS_dog_leading_0173,dog_leading,Jobber,2.368,44.5,2.9,366,dog_leading,backed-side price at arm,"final_winner (recorded settlement, never derived)",1.4,5,60,market_status · total_goals_market_active where present,2,tg_overround <= 1.1169 AND open_vs_now_lead <= 0.73,"""tg_overround"" IS NOT NULL AND ""tg_overround"" <= 1.1169 AND ""open_vs_now_lead"" IS NOT NULL AND ""open_vs_now_lead"" <= 0.73",COMBINA_1027.xlsx
BAS_prop:first_s_0080,prop:first_scorer_hold,Npc,1.588,64.9,2.8,355,prop:first_scorer_hold,backed-side price at arm,"final_winner (recorded settlement, never derived)",1.4,5,60,market_status · total_goals_market_active where present,1,rk_dog_odds >= 1.85,"""rk_dog_odds"" IS NOT NULL AND ""rk_dog_odds"" >= 1.85",COMBINA_1027.xlsx
BAS_lead_ml_0150,lead_ml,Jobber,2.245,46.6,2.8,353,lead_ml,backed-side price at arm,"final_winner (recorded settlement, never derived)",1.4,5,60,market_status · total_goals_market_active where present,2,tg_overround <= 1.1236 AND u_hazard <= -0.1409,"""tg_overround"" IS NOT NULL AND ""tg_overround"" <= 1.1236 AND ""u_hazard"" IS NOT NULL AND ""u_hazard"" <= -0.1409",COMBINA_1027.xlsx
BAS_prop:shorten_0210,prop:shortener_vs_open,Jobber,2.263,45.7,2.8,299,prop:shortener_vs_open,backed-side price at arm,"final_winner (recorded settlement, never derived)",1.4,5,60,market_status · total_goals_market_active where present,1,u_jump >= 0.9449,"""u_jump"" IS NOT NULL AND ""u_jump"" >= 0.9449",COMBINA_1027.xlsx
BAS_late_lead_ho_0101,late_lead_hold,Npc,1.634,63.4,2.6,356,late_lead_hold,backed-side price at arm,"final_winner (recorded settlement, never derived)",1.4,5,60,market_status · total_goals_market_active where present,2,tot_vs_line >= -167.5 AND pace_last_300s_vs_line <= -72.8785,"""tot_vs_line"" IS NOT NULL AND ""tot_vs_line"" >= -167.5 AND ""pace_last_300s_vs_line"" IS NOT NULL AND ""pace_last_300s_vs_line"" <= -72.8785",COMBINA_1027.xlsx
BAS_prop:garbage_0122,prop:garbage_under,Vision,1.765,58,2.5,357,prop:garbage_under,backed-side price at arm,"final_winner (recorded settlement, never derived)",1.4,5,60,market_status · total_goals_market_active where present,1,total_line_move >= -5.8769,"""total_line_move"" IS NOT NULL AND ""total_line_move"" >= -5.8769",COMBINA_1027.xlsx
BAS_prop:dog_lea_0181,prop:dog_leading_late,Jobber,2.434,42.2,2.5,315,prop:dog_leading_late,backed-side price at arm,"final_winner (recorded settlement, never derived)",1.4,5,60,market_status · total_goals_market_active where present,1,lead_vs_line <= -154.5,"""lead_vs_line"" IS NOT NULL AND ""lead_vs_line"" <= -154.5",COMBINA_1027.xlsx
BAS_late_lead_ho_0098,late_lead_hold,Npc,1.541,66.9,2.4,332,late_lead_hold,backed-side price at arm,"final_winner (recorded settlement, never derived)",1.4,5,60,market_status · total_goals_market_active where present,2,price_gap >= 0.2 AND jump_loser >= 0.9075,"""price_gap"" IS NOT NULL AND ""price_gap"" >= 0.2 AND ""jump_loser"" IS NOT NULL AND ""jump_loser"" >= 0.9075",COMBINA_1027.xlsx
BAS_prop:first_s_0023,prop:first_scorer_hold,Jobber,2.192,47.1,2.4,313,prop:first_scorer_hold,backed-side price at arm,"final_winner (recorded settlement, never derived)",1.4,5,60,market_status · total_goals_market_active where present,2,tg_overround <= 1.1237 AND lead_poss >= 0.7268,"""tg_overround"" IS NOT NULL AND ""tg_overround"" <= 1.1237 AND ""lead_poss"" IS NOT NULL AND ""lead_poss"" >= 0.7268",COMBINA_1027.xlsx
BAS_dog_leading_0159,dog_leading,Jobber,2.373,43.2,2.3,339,dog_leading,backed-side price at arm,"final_winner (recorded settlement, never derived)",1.4,5,60,market_status · total_goals_market_active where present,2,tg_overround <= 1.117 AND open_vs_now_lead <= 0.7331,"""tg_overround"" IS NOT NULL AND ""tg_overround"" <= 1.117 AND ""open_vs_now_lead"" IS NOT NULL AND ""open_vs_now_lead"" <= 0.7331",COMBINA_1027.xlsx
BAS_spec:Leader_0051,spec:Leader,Npc,1.628,63.2,2.2,396,spec:Leader,backed-side price at arm,"final_winner (recorded settlement, never derived)",1.4,5,60,market_status · total_goals_market_active where present,1,tg_imp_under <= 0.578,"""tg_imp_under"" IS NOT NULL AND ""tg_imp_under"" <= 0.578",COMBINA_1027.xlsx
BAS_late_lead_ho_0099,late_lead_hold,Npc,1.629,63.2,2.2,365,late_lead_hold,backed-side price at arm,"final_winner (recorded settlement, never derived)",1.4,5,60,market_status · total_goals_market_active where present,1,pace_last_300s_vs_line <= -81.9154,"""pace_last_300s_vs_line"" IS NOT NULL AND ""pace_last_300s_vs_line"" <= -81.9154",COMBINA_1027.xlsx
BAS_dog_covering_0235,dog_covering_late,Vision,1.832,55.8,2.2,321,dog_covering_late,backed-side price at arm,"final_winner (recorded settlement, never derived)",1.4,5,60,market_status · total_goals_market_active where present,1,imp_away <= 0.7797,"""imp_away"" IS NOT NULL AND ""imp_away"" <= 0.7797",COMBINA_1027.xlsx
BAS_tg_under_lag_0008,tg_under_lag,Vision,1.778,57.3,2.1,343,tg_under_lag,backed-side price at arm,"final_winner (recorded settlement, never derived)",1.4,5,60,market_status · total_goals_market_active where present,1,lead_vs_line >= -179.5,"""lead_vs_line"" IS NOT NULL AND ""lead_vs_line"" >= -179.5",COMBINA_1027.xlsx
BAS_DRIFTED_0021,DRIFTED,Jobber,2.446,41,2.1,347,DRIFTED,backed-side price at arm,"final_winner (recorded settlement, never derived)",1.4,5,60,market_status · total_goals_market_active where present,1,lead_age_s <= 176.862,"""lead_age_s"" IS NOT NULL AND ""lead_age_s"" <= 176.862",COMBINA_1027.xlsx
BAS_late_lead_ho_0100,late_lead_hold,Npc,1.628,63.3,2,337,late_lead_hold,backed-side price at arm,"final_winner (recorded settlement, never derived)",1.4,5,60,market_status · total_goals_market_active where present,3,h_score <= 16.1205 AND u_hazard <= -0.1356 AND opp_velocity >= -0.0842,"""h_score"" IS NOT NULL AND ""h_score"" <= 16.1205 AND ""u_hazard"" IS NOT NULL AND ""u_hazard"" <= -0.1356 AND ""opp_velocity"" IS NOT NULL AND ""opp_velocity"" >= -0.0842",COMBINA_1027.xlsx
BAS_prop:shorten_0196,prop:shortener_vs_open,Npc,1.683,61.3,2,339,prop:shortener_vs_open,backed-side price at arm,"final_winner (recorded settlement, never derived)",1.4,5,60,market_status · total_goals_market_active where present,1,lead_jump <= 0.9519,"""lead_jump"" IS NOT NULL AND ""lead_jump"" <= 0.9519",COMBINA_1027.xlsx
BAS_spread_dog_c_0104,spread_dog_cover,Vision,1.8,56.6,2,366,spread_dog_cover,backed-side price at arm,"final_winner (recorded settlement, never derived)",1.4,5,60,market_status · total_goals_market_active where present,2,tg_overround <= 1.112 AND price_move_since_score <= 1,"""tg_overround"" IS NOT NULL AND ""tg_overround"" <= 1.112 AND ""price_move_since_score"" IS NOT NULL AND ""price_move_since_score"" <= 1",COMBINA_1027.xlsx
BAS_prop:first_s_0078,prop:first_scorer_hold,Npc,1.59,64.4,1.9,406,prop:first_scorer_hold,backed-side price at arm,"final_winner (recorded settlement, never derived)",1.4,5,60,market_status · total_goals_market_active where present,1,leader_implied_gap >= 0.0204,"""leader_implied_gap"" IS NOT NULL AND ""leader_implied_gap"" >= 0.0204",COMBINA_1027.xlsx
BAS_prop:shorten_0198,prop:shortener_vs_open,Npc,1.624,63.3,1.9,325,prop:shortener_vs_open,backed-side price at arm,"final_winner (recorded settlement, never derived)",1.4,5,60,market_status · total_goals_market_active where present,1,leader_implied_gap >= 0.0192,"""leader_implied_gap"" IS NOT NULL AND ""leader_implied_gap"" >= 0.0192",COMBINA_1027.xlsx
BAS_DRIFTED_0020,DRIFTED,Jobber,2.46,41.5,1.9,335,DRIFTED,backed-side price at arm,"final_winner (recorded settlement, never derived)",1.4,5,60,market_status · total_goals_market_active where present,1,point_spread_home >= 1.6895,"""point_spread_home"" IS NOT NULL AND ""point_spread_home"" >= 1.6895",COMBINA_1027.xlsx
BAS_prop:late_le_0205,prop:late_lead_hold,Npc,1.614,63.3,1.8,341,prop:late_lead_hold,backed-side price at arm,"final_winner (recorded settlement, never derived)",1.4,5,60,market_status · total_goals_market_active where present,1,prematch_dog_odds <= 2.9642,"""prematch_dog_odds"" IS NOT NULL AND ""prematch_dog_odds"" <= 2.9642",COMBINA_1027.xlsx
LZ_V270_BASK_016,,Vision,1.787,58.5,1.8,489,,backed-side price at arm,"final_winner (recorded settlement, never derived)",1.4,5,60,market_status · total_goals_market_active where present,3,lead_odds <= 2.25 AND lead_size >= 6 AND lead_odds >= 1.50,"""lead_odds"" IS NOT NULL AND ""lead_odds"" <= 2.25 AND ""lead_size"" IS NOT NULL AND ""lead_size"" >= 6 AND ""lead_odds"" IS NOT NULL AND ""lead_odds"" >= 1.50",COMBINA_1027.xlsx
BAS_spec:HT_Unde_0111,spec:HT_Underdog_Fade,Vision,1.757,58.2,1.8,310,spec:HT_Underdog_Fade,backed-side price at arm,"final_winner (recorded settlement, never derived)",1.4,5,60,market_status · total_goals_market_active where present,1,lead_changes_300s <= 1,"""lead_changes_300s"" IS NOT NULL AND ""lead_changes_300s"" <= 1",COMBINA_1027.xlsx
BAS_prop:late_le_0242,prop:late_lead_hold,Jobber,2.18,47.1,1.8,331,prop:late_lead_hold,backed-side price at arm,"final_winner (recorded settlement, never derived)",1.4,5,60,market_status · total_goals_market_active where present,1,loser_runmin >= 1.168,"""loser_runmin"" IS NOT NULL AND ""loser_runmin"" >= 1.168",COMBINA_1027.xlsx
BAS_dog_leading_0158,dog_leading,Jobber,2.343,44.4,1.8,319,dog_leading,backed-side price at arm,"final_winner (recorded settlement, never derived)",1.4,5,60,market_status · total_goals_market_active where present,2,tg_overround <= 1.1173 AND opp_drift <= 1.0811,"""tg_overround"" IS NOT NULL AND ""tg_overround"" <= 1.1173 AND ""opp_drift"" IS NOT NULL AND ""opp_drift"" <= 1.0811",COMBINA_1027.xlsx
BAS_SHORTENED_0072,SHORTENED,Jobber,2.431,42.1,1.8,357,SHORTENED,backed-side price at arm,"final_winner (recorded settlement, never derived)",1.4,5,60,market_status · total_goals_market_active where present,2,rk_fav_odds >= 1.23 AND u_open >= 1.2538,"""rk_fav_odds"" IS NOT NULL AND ""rk_fav_odds"" >= 1.23 AND ""u_open"" IS NOT NULL AND ""u_open"" >= 1.2538",COMBINA_1027.xlsx
BAS_prop:held_le_0232,prop:held_lead,Npc,1.538,66.2,1.7,291,prop:held_lead,backed-side price at arm,"final_winner (recorded settlement, never derived)",1.4,5,60,market_status · total_goals_market_active where present,2,trailer_price >= 1.84 AND lead_delta_last_120s >= -2.4923,"""trailer_price"" IS NOT NULL AND ""trailer_price"" >= 1.84 AND ""lead_delta_last_120s"" IS NOT NULL AND ""lead_delta_last_120s"" >= -2.4923",COMBINA_1027.xlsx
BAS_lead_ml_0068,lead_ml,Npc,1.548,66,1.6,403,lead_ml,backed-side price at arm,"final_winner (recorded settlement, never derived)",1.4,5,60,market_status · total_goals_market_active where present,2,trailer_price >= 1.8471 AND pace_vs_line_pct >= -0.9852,"""trailer_price"" IS NOT NULL AND ""trailer_price"" >= 1.8471 AND ""pace_vs_line_pct"" IS NOT NULL AND ""pace_vs_line_pct"" >= -0.9852",COMBINA_1027.xlsx
BAS_tg_under_0002,,Npc,1.686,61.5,1.6,813,,backed-side price at arm,"final_winner (recorded settlement, never derived)",1.4,5,60,market_status · total_goals_market_active where present,2,X_a_score__over__home_odds >= 0 AND lead_m75 <= 1,"""X_a_score__over__home_odds"" IS NOT NULL AND ""X_a_score__over__home_odds"" >= 0 AND ""lead_m75"" IS NOT NULL AND ""lead_m75"" <= 1",COMBINA_1027.xlsx
LZ_V270_BASK_021,,Vision,1.855,56.7,1.6,311,,backed-side price at arm,"final_winner (recorded settlement, never derived)",1.4,5,60,market_status · total_goals_market_active where present,3,total_pts >= 122 AND runmin >= 1.129 AND lead_odds >= 1.50,"""total_pts"" IS NOT NULL AND ""total_pts"" >= 122 AND ""runmin"" IS NOT NULL AND ""runmin"" >= 1.129 AND ""lead_odds"" IS NOT NULL AND ""lead_odds"" >= 1.50",COMBINA_1027.xlsx
BAS_tg_over_0022,tg_over,Vision,1.945,52.5,1.6,274,tg_over,backed-side price at arm,"final_winner (recorded settlement, never derived)",1.4,5,60,market_status · total_goals_market_active where present,2,total_points_handicap >= 135.5 AND opp_o >= 1.1423,"""total_points_handicap"" IS NOT NULL AND ""total_points_handicap"" >= 135.5 AND ""opp_o"" IS NOT NULL AND ""opp_o"" >= 1.1423",COMBINA_1027.xlsx
BAS_prop:shorten_0195,prop:shortener_vs_open,Npc,1.664,61.8,1.5,325,prop:shortener_vs_open,backed-side price at arm,"final_winner (recorded settlement, never derived)",1.4,5,60,market_status · total_goals_market_active where present,1,lead_jump <= 0.9429,"""lead_jump"" IS NOT NULL AND ""lead_jump"" <= 0.9429",COMBINA_1027.xlsx
BAS_spec:HT_Unde_0112,spec:HT_Underdog_Fade,Vision,1.729,59.1,1.5,311,spec:HT_Underdog_Fade,backed-side price at arm,"final_winner (recorded settlement, never derived)",1.4,5,60,market_status · total_goals_market_active where present,3,lead_vs_med <= 1.175 AND rk_dog_odds >= 1.83 AND u_ratio_shift >= 0.5724,"""lead_vs_med"" IS NOT NULL AND ""lead_vs_med"" <= 1.175 AND ""rk_dog_odds"" IS NOT NULL AND ""rk_dog_odds"" >= 1.83 AND ""u_ratio_shift"" IS NOT NULL AND ""u_ratio_shift"" >= 0.5724",COMBINA_1027.xlsx
BAS_late_lead_ho_0215,late_lead_hold,Jobber,2.32,43.7,1.5,303,late_lead_hold,backed-side price at arm,"final_winner (recorded settlement, never derived)",1.4,5,60,market_status · total_goals_market_active where present,1,home_pace <= 9,"""home_pace"" IS NOT NULL AND ""home_pace"" <= 9",COMBINA_1027.xlsx
BAS_spread_dog_c_0255,spread_dog_cover,Npc,1.581,63.8,1.4,339,spread_dog_cover,backed-side price at arm,"final_winner (recorded settlement, never derived)",1.4,5,60,market_status · total_goals_market_active where present,1,proj_gap_n <= -0.0208,"""proj_gap_n"" IS NOT NULL AND ""proj_gap_n"" <= -0.0208",COMBINA_1027.xlsx
BAS_prop:first_s_0077,prop:first_scorer_hold,Npc,1.639,62,1.3,326,prop:first_scorer_hold,backed-side price at arm,"final_winner (recorded settlement, never derived)",1.4,5,60,market_status · total_goals_market_active where present,2,rk_dog_odds >= 1.8392 AND X_u_elapsed__minus__u_time_in_lead <= 1.0763,"""rk_dog_odds"" IS NOT NULL AND ""rk_dog_odds"" >= 1.8392 AND ""X_u_elapsed__minus__u_time_in_lead"" IS NOT NULL AND ""X_u_elapsed__minus__u_time_in_lead"" <= 1.0763",COMBINA_1027.xlsx
BAS_tg_under_0043,tg_under,Vision,1.908,53.4,1.3,414,tg_under,backed-side price at arm,"final_winner (recorded settlement, never derived)",1.4,5,60,market_status · total_goals_market_active where present,1,dog_odds_vol_180 <= 0.8196,"""dog_odds_vol_180"" IS NOT NULL AND ""dog_odds_vol_180"" <= 0.8196",COMBINA_1027.xlsx
BAS_prop:fresh_l_0261,prop:fresh_lead,Jobber,2.282,45.2,1.3,378,prop:fresh_lead,backed-side price at arm,"final_winner (recorded settlement, never derived)",1.4,5,60,market_status · total_goals_market_active where present,1,leader_drift >= 0.8495,"""leader_drift"" IS NOT NULL AND ""leader_drift"" >= 0.8495",COMBINA_1027.xlsx
BAS_SHORTENED_0070,SHORTENED,Jobber,2.559,40.4,1.3,399,SHORTENED,backed-side price at arm,"final_winner (recorded settlement, never derived)",1.4,5,60,market_status · total_goals_market_active where present,1,u_ratio_open <= 3.0305,"""u_ratio_open"" IS NOT NULL AND ""u_ratio_open"" <= 3.0305",COMBINA_1027.xlsx
BAS_spec:HT_Unde_0115,spec:HT_Underdog_Fade,Vision,1.716,59,1.2,338,spec:HT_Underdog_Fade,backed-side price at arm,"final_winner (recorded settlement, never derived)",1.4,5,60,market_status · total_goals_market_active where present,2,imbal >= 0.0217 AND lead_changes_300s <= 1,"""imbal"" IS NOT NULL AND ""imbal"" >= 0.0217 AND ""lead_changes_300s"" IS NOT NULL AND ""lead_changes_300s"" <= 1",COMBINA_1027.xlsx
BAS_dog_leading_0135,dog_leading,Vision,1.713,59.1,1.1,316,dog_leading,backed-side price at arm,"final_winner (recorded settlement, never derived)",1.4,5,60,market_status · total_goals_market_active where present,2,price_gap >= 0.04 AND lead_changes_300s <= 2,"""price_gap"" IS NOT NULL AND ""price_gap"" >= 0.04 AND ""lead_changes_300s"" IS NOT NULL AND ""lead_changes_300s"" <= 2",COMBINA_1027.xlsx
BAS_pm_underdog_0116,pm_underdog,Vision,1.74,58.3,1.1,325,pm_underdog,backed-side price at arm,"final_winner (recorded settlement, never derived)",1.4,5,60,market_status · total_goals_market_active where present,1,rk_dog_odds >= 1.83,"""rk_dog_odds"" IS NOT NULL AND ""rk_dog_odds"" >= 1.83",COMBINA_1027.xlsx
BAS_late_lead_ho_0092,late_lead_hold,Npc,1.548,65.9,1,351,late_lead_hold,backed-side price at arm,"final_winner (recorded settlement, never derived)",1.4,5,60,market_status · total_goals_market_active where present,1,u_price <= 1.7584,"""u_price"" IS NOT NULL AND ""u_price"" <= 1.7584",COMBINA_1027.xlsx
BAS_spec:Leader_0057,spec:Leader,Npc,1.609,63.6,1,354,spec:Leader,backed-side price at arm,"final_winner (recorded settlement, never derived)",1.4,5,60,market_status · total_goals_market_active where present,2,dow >= 2 AND ten_mins >= 0.6949,"""dow"" IS NOT NULL AND ""dow"" >= 2 AND ""ten_mins"" IS NOT NULL AND ""ten_mins"" >= 0.6949",COMBINA_1027.xlsx
BAS_late_lead_ho_0222,late_lead_hold,Jobber,2.227,44.8,1,335,late_lead_hold,backed-side price at arm,"final_winner (recorded settlement, never derived)",1.4,5,60,market_status · total_goals_market_active where present,1,trailer_price >= 1.34,"""trailer_price"" IS NOT NULL AND ""trailer_price"" >= 1.34",COMBINA_1027.xlsx
BAS_tg_under_lag_0124,tg_under_lag,Vision,1.904,53.2,0.9,439,tg_under_lag,backed-side price at arm,"final_winner (recorded settlement, never derived)",1.4,5,60,market_status · total_goals_market_active where present,1,opp_pts_last_60s <= 3,"""opp_pts_last_60s"" IS NOT NULL AND ""opp_pts_last_60s"" <= 3",COMBINA_1027.xlsx
BAS_prop:dog_lea_0174,prop:dog_leading_late,Jobber,2.285,44.4,0.8,329,prop:dog_leading_late,backed-side price at arm,"final_winner (recorded settlement, never derived)",1.4,5,60,market_status · total_goals_market_active where present,1,u_jump <= 1.0162,"""u_jump"" IS NOT NULL AND ""u_jump"" <= 1.0162",COMBINA_1027.xlsx
BAS_tg_under_0044,tg_under,Vision,1.912,52.8,0.7,370,tg_under,backed-side price at arm,"final_winner (recorded settlement, never derived)",1.4,5,60,market_status · total_goals_market_active where present,1,lead_m15 <= 1,"""lead_m15"" IS NOT NULL AND ""lead_m15"" <= 1",COMBINA_1027.xlsx
BAS_prop:garbage_0057,,Npc,1.701,60.7,0.6,848,,backed-side price at arm,"final_winner (recorded settlement, never derived)",1.4,5,60,market_status · total_goals_market_active where present,1,odds_ratio >= 0.0833,"""odds_ratio"" IS NOT NULL AND ""odds_ratio"" >= 0.0833",COMBINA_1027.xlsx
BAS_spec:Leader_0055,spec:Leader,Npc,1.602,63.8,0.6,328,spec:Leader,backed-side price at arm,"final_winner (recorded settlement, never derived)",1.4,5,60,market_status · total_goals_market_active where present,2,scoring_rate >= 1.8663 AND imbal >= 0.0161,"""scoring_rate"" IS NOT NULL AND ""scoring_rate"" >= 1.8663 AND ""imbal"" IS NOT NULL AND ""imbal"" >= 0.0161",COMBINA_1027.xlsx
BAS_late_lead_ho_0096,late_lead_hold,Npc,1.66,61.1,0.6,298,late_lead_hold,backed-side price at arm,"final_winner (recorded settlement, never derived)",1.4,5,60,market_status · total_goals_market_active where present,3,u_vel_t <= -0.0054 AND wall_min <= 171.805 AND lead_m15 <= 1,"""u_vel_t"" IS NOT NULL AND ""u_vel_t"" <= -0.0054 AND ""wall_min"" IS NOT NULL AND ""wall_min"" <= 171.805 AND ""lead_m15"" IS NOT NULL AND ""lead_m15"" <= 1",COMBINA_1027.xlsx
BAS_prop:dog_lea_0180,prop:dog_leading_late,Jobber,2.349,43.7,0.6,352,prop:dog_leading_late,backed-side price at arm,"final_winner (recorded settlement, never derived)",1.4,5,60,market_status · total_goals_market_active where present,1,u_overround <= 1.1109,"""u_overround"" IS NOT NULL AND ""u_overround"" <= 1.1109",COMBINA_1027.xlsx
BAS_prop:dog_lea_0177,prop:dog_leading_late,Jobber,2.365,43.2,0.6,303,prop:dog_leading_late,backed-side price at arm,"final_winner (recorded settlement, never derived)",1.4,5,60,market_status · total_goals_market_active where present,2,rk_lead_off_high >= 0.2333 AND lead_m15 <= 1,"""rk_lead_off_high"" IS NOT NULL AND ""rk_lead_off_high"" >= 0.2333 AND ""lead_m15"" IS NOT NULL AND ""lead_m15"" <= 1",COMBINA_1027.xlsx
BAS_lead_ml_0146,lead_ml,Jobber,2.382,41.8,0.6,301,lead_ml,backed-side price at arm,"final_winner (recorded settlement, never derived)",1.4,5,60,market_status · total_goals_market_active where present,2,tg_overround <= 1.123 AND lead_changes_total <= 2,"""tg_overround"" IS NOT NULL AND ""tg_overround"" <= 1.123 AND ""lead_changes_total"" IS NOT NULL AND ""lead_changes_total"" <= 2",COMBINA_1027.xlsx
BAS_pm_underdog_0019,pm_underdog,Jobber,2.574,39.6,0.6,326,pm_underdog,backed-side price at arm,"final_winner (recorded settlement, never derived)",1.4,5,60,market_status · total_goals_market_active where present,1,needed_rate_for_over >= 2.8864,"""needed_rate_for_over"" IS NOT NULL AND ""needed_rate_for_over"" >= 2.8864",COMBINA_1027.xlsx
BAS_prop:first_s_0079,prop:first_scorer_hold,Npc,1.606,63.3,0.5,455,prop:first_scorer_hold,backed-side price at arm,"final_winner (recorded settlement, never derived)",1.4,5,60,market_status · total_goals_market_active where present,1,rk_dog_odds >= 1.84,"""rk_dog_odds"" IS NOT NULL AND ""rk_dog_odds"" >= 1.84",COMBINA_1027.xlsx
BAS_lead_ml_0061,lead_ml,Npc,1.62,62.3,0.5,364,lead_ml,backed-side price at arm,"final_winner (recorded settlement, never derived)",1.4,5,60,market_status · total_goals_market_active where present,2,u_hazard <= -0.1381 AND margin_per_implied >= 1.48,"""u_hazard"" IS NOT NULL AND ""u_hazard"" <= -0.1381 AND ""margin_per_implied"" IS NOT NULL AND ""margin_per_implied"" >= 1.48",COMBINA_1027.xlsx
BAS_late_lead_ho_0095,late_lead_hold,Npc,1.652,61.6,0.5,316,late_lead_hold,backed-side price at arm,"final_winner (recorded settlement, never derived)",1.4,5,60,market_status · total_goals_market_active where present,3,u_vel_t <= -0.0052 AND lead_m15 <= 1 AND total_points_over <= 1.93,"""u_vel_t"" IS NOT NULL AND ""u_vel_t"" <= -0.0052 AND ""lead_m15"" IS NOT NULL AND ""lead_m15"" <= 1 AND ""total_points_over"" IS NOT NULL AND ""total_points_over"" <= 1.93",COMBINA_1027.xlsx
BAS_spec:TG_Hist_0003,spec:TG_Historical_vs_Handicap_Under,Vision,1.78,56.2,0.5,369,spec:TG_Historical_vs_Handicap_Under,backed-side price at arm,"final_winner (recorded settlement, never derived)",1.4,5,60,market_status · total_goals_market_active where present,3,needed_rate_for_over <= 3.716 AND tg_overround >= 1.0873 AND margin_per_implied >= 2.2315,"""needed_rate_for_over"" IS NOT NULL AND ""needed_rate_for_over"" <= 3.716 AND ""tg_overround"" IS NOT NULL AND ""tg_overround"" >= 1.0873 AND ""margin_per_implied"" IS NOT NULL AND ""margin_per_implied"" >= 2.2315",COMBINA_1027.xlsx
LZ_V270_BASK_008,,Jobber,2.642,48.8,0.5,806,,backed-side price at arm,"final_winner (recorded settlement, never derived)",1.4,5,60,market_status · total_goals_market_active where present,3,prog >= 0.3672 AND lead_size >= 4 AND lead_odds >= 1.50,"""prog"" IS NOT NULL AND ""prog"" >= 0.3672 AND ""lead_size"" IS NOT NULL AND ""lead_size"" >= 4 AND ""lead_odds"" IS NOT NULL AND ""lead_odds"" >= 1.50",COMBINA_1027.xlsx
BAS_prop:dog_lea_0178,prop:dog_leading_late,Jobber,2.28,45.5,0.5,359,prop:dog_leading_late,backed-side price at arm,"final_winner (recorded settlement, never derived)",1.4,5,60,market_status · total_goals_market_active where present,1,tg_overround <= 1.1149,"""tg_overround"" IS NOT NULL AND ""tg_overround"" <= 1.1149",COMBINA_1027.xlsx
BAS_prop:late_le_0204,prop:late_lead_hold,Npc,1.592,63.5,0.4,319,prop:late_lead_hold,backed-side price at arm,"final_winner (recorded settlement, never derived)",1.4,5,60,market_status · total_goals_market_active where present,2,rk_fav_odds <= 1.75 AND margin_rate <= 6.6917,"""rk_fav_odds"" IS NOT NULL AND ""rk_fav_odds"" <= 1.75 AND ""margin_rate"" IS NOT NULL AND ""margin_rate"" <= 6.6917",COMBINA_1027.xlsx
BAS_prop:late_le_0203,prop:late_lead_hold,Vision,1.683,59.6,0.4,300,prop:late_lead_hold,backed-side price at arm,"final_winner (recorded settlement, never derived)",1.4,5,60,market_status · total_goals_market_active where present,2,margin_range_300s >= 4 AND home_odds >= 1.58,"""margin_range_300s"" IS NOT NULL AND ""margin_range_300s"" >= 4 AND ""home_odds"" IS NOT NULL AND ""home_odds"" >= 1.58",COMBINA_1027.xlsx
BAS_spread_dog_c_0106,spread_dog_cover,Vision,1.8,55.8,0.4,307,spread_dog_cover,backed-side price at arm,"final_winner (recorded settlement, never derived)",1.4,5,60,market_status · total_goals_market_active where present,3,price_move_since_score <= 1 AND pts_last_60s <= 5 AND u_ratio_open >= 0.1537,"""price_move_since_score"" IS NOT NULL AND ""price_move_since_score"" <= 1 AND ""pts_last_60s"" IS NOT NULL AND ""pts_last_60s"" <= 5 AND ""u_ratio_open"" IS NOT NULL AND ""u_ratio_open"" >= 0.1537",COMBINA_1027.xlsx
BAS_spread_dog_c_0236,spread_dog_cover,Vision,1.832,54.8,0.4,316,spread_dog_cover,backed-side price at arm,"final_winner (recorded settlement, never derived)",1.4,5,60,market_status · total_goals_market_active where present,1,u_ratio_open <= 3.0613,"""u_ratio_open"" IS NOT NULL AND ""u_ratio_open"" <= 3.0613",COMBINA_1027.xlsx
BAS_prop:dog_lea_0143,prop:dog_leading_late,Vision,1.684,59.8,0.3,390,prop:dog_leading_late,backed-side price at arm,"final_winner (recorded settlement, never derived)",1.4,5,60,market_status · total_goals_market_active where present,1,price_gap >= 0.06,"""price_gap"" IS NOT NULL AND ""price_gap"" >= 0.06",COMBINA_1027.xlsx
BAS_spec:HT_Unde_0113,spec:HT_Underdog_Fade,Vision,1.761,57,0.3,305,spec:HT_Underdog_Fade,backed-side price at arm,"final_winner (recorded settlement, never derived)",1.4,5,60,market_status · total_goals_market_active where present,1,h_score <= 25.3513,"""h_score"" IS NOT NULL AND ""h_score"" <= 25.3513",COMBINA_1027.xlsx
BAS_spec:TG_Hist_0002,spec:TG_Historical_vs_Handicap_Under,Vision,1.774,56.1,0.3,371,spec:TG_Historical_vs_Handicap_Under,backed-side price at arm,"final_winner (recorded settlement, never derived)",1.4,5,60,market_status · total_goals_market_active where present,1,lead_vs_line >= -178.5,"""lead_vs_line"" IS NOT NULL AND ""lead_vs_line"" >= -178.5",COMBINA_1027.xlsx
BAS_spread_dog_c_0109,spread_dog_cover,Vision,1.8,55.7,0.2,333,spread_dog_cover,backed-side price at arm,"final_winner (recorded settlement, never derived)",1.4,5,60,market_status · total_goals_market_active where present,1,X_u_elapsed__minus__u_time_in_lead >= 0.0019,"""X_u_elapsed__minus__u_time_in_lead"" IS NOT NULL AND ""X_u_elapsed__minus__u_time_in_lead"" >= 0.0019",COMBINA_1027.xlsx
BAS_prop:dog_lea_0176,prop:dog_leading_late,Jobber,2.255,44.7,0.2,384,prop:dog_leading_late,backed-side price at arm,"final_winner (recorded settlement, never derived)",1.4,5,60,market_status · total_goals_market_active where present,1,line_flat >= 2,"""line_flat"" IS NOT NULL AND ""line_flat"" >= 2",COMBINA_1027.xlsx
BAS_prop:fresh_l_0260,prop:fresh_lead,Jobber,2.284,44.1,0.2,336,prop:fresh_lead,backed-side price at arm,"final_winner (recorded settlement, never derived)",1.4,5,60,market_status · total_goals_market_active where present,1,lead_m30 <= 0,"""lead_m30"" IS NOT NULL AND ""lead_m30"" <= 0",COMBINA_1027.xlsx
BAS_prop:first_s_0254,prop:first_scorer_hold,Feeder,3.945,25.4,0.2,290,prop:first_scorer_hold,backed-side price at arm,"final_winner (recorded settlement, never derived)",1.4,5,60,market_status · total_goals_market_active where present,2,lead_margin_m30 <= 3 AND point_spread_home >= 1.6575,"""lead_margin_m30"" IS NOT NULL AND ""lead_margin_m30"" <= 3 AND ""point_spread_home"" IS NOT NULL AND ""point_spread_home"" >= 1.6575",COMBINA_1027.xlsx
BAS_spec:Leader_0052,spec:Leader,Npc,1.652,61.1,0.1,389,spec:Leader,backed-side price at arm,"final_winner (recorded settlement, never derived)",1.4,5,60,market_status · total_goals_market_active where present,1,u_pace <= 58.0667,"""u_pace"" IS NOT NULL AND ""u_pace"" <= 58.0667",COMBINA_1027.xlsx
BAS_prop:first_s_0076,prop:first_scorer_hold,Npc,1.639,61.4,0.1,341,prop:first_scorer_hold,backed-side price at arm,"final_winner (recorded settlement, never derived)",1.4,5,60,market_status · total_goals_market_active where present,1,tg_imp_under <= 0.578,"""tg_imp_under"" IS NOT NULL AND ""tg_imp_under"" <= 0.578",COMBINA_1027.xlsx
BAS_prop:first_s_0049,prop:first_scorer_hold,Vision,2.23,52.2,14.1,321,prop:first_scorer_hold,backed-side price at arm,"final_winner (recorded settlement, never derived)",1.4,5,60,market_status · total_goals_market_active where present,6,prog_score <= 0.35 AND line_move <= 4.0 AND price_gap <= 1.89 AND X_minute__minus__u_drought <= 27.3487 AND tg_overround <= 1.1237 AND tg_imp_over <= 0.605,"""prog_score"" IS NOT NULL AND ""prog_score"" <= 0.35 AND ""line_move"" IS NOT NULL AND ""line_move"" <= 4.0 AND ""price_gap"" IS NOT NULL AND ""price_gap"" <= 1.89 AND ""X_minute__minus__u_drought"" IS NOT NULL AND ""X_minute__minus__u_drought"" <= 27.3487 AND ""tg_overround"" IS NOT NULL AND ""tg_overround"" <= 1.1237 AND ""tg_imp_over"" IS NOT NULL AND ""tg_imp_over"" <= 0.605",MODE3_202748.xlsx
BAS_prop:drifter_0027,prop:drifter_vs_open,Feeder,5.096,21.8,17.5,300,prop:drifter_vs_open,backed-side price at arm,"final_winner (recorded settlement, never derived)",1.4,5,60,market_status · total_goals_market_active where present,4,time_at_this_price <= 28.2017 AND lead_vs_line <= -170.833 AND X_home_odds__x__point_spread_away <= 10.82 AND u_vol >= 0.0119,"""time_at_this_price"" IS NOT NULL AND ""time_at_this_price"" <= 28.2017 AND ""lead_vs_line"" IS NOT NULL AND ""lead_vs_line"" <= -170.833 AND ""X_home_odds__x__point_spread_away"" IS NOT NULL AND ""X_home_odds__x__point_spread_away"" <= 10.82 AND ""u_vol"" IS NOT NULL AND ""u_vol"" >= 0.0119",MODE3_202748.xlsx
BAS_spread_dog_c_0156,spread_dog_cover,Vision,1.926,58.5,12.5,306,spread_dog_cover,backed-side price at arm,"final_winner (recorded settlement, never derived)",1.4,5,60,market_status · total_goals_market_active where present,4,line_open >= 140.0 AND need_frac >= 0.4 AND price_gap >= 0.06 AND dog_odds_vol_180 <= 0.2508,"""line_open"" IS NOT NULL AND ""line_open"" >= 140.0 AND ""need_frac"" IS NOT NULL AND ""need_frac"" >= 0.4 AND ""price_gap"" IS NOT NULL AND ""price_gap"" >= 0.06 AND ""dog_odds_vol_180"" IS NOT NULL AND ""dog_odds_vol_180"" <= 0.2508",MODE3_202748.xlsx
BAS_late_lead_ho_0169,late_lead_hold,Jobber,2.374,46.9,11.3,301,late_lead_hold,backed-side price at arm,"final_winner (recorded settlement, never derived)",1.4,5,60,market_status · total_goals_market_active where present,6,line_open >= 140.0 AND need_frac >= 0.4 AND open_vs_now_lead <= 0.9043 AND motif_0 <= 0.0 AND X_minute__minus__u_drought <= 26.2769 AND tg_overround <= 1.1237,"""line_open"" IS NOT NULL AND ""line_open"" >= 140.0 AND ""need_frac"" IS NOT NULL AND ""need_frac"" >= 0.4 AND ""open_vs_now_lead"" IS NOT NULL AND ""open_vs_now_lead"" <= 0.9043 AND ""motif_0"" IS NOT NULL AND ""motif_0"" <= 0.0 AND ""X_minute__minus__u_drought"" IS NOT NULL AND ""X_minute__minus__u_drought"" <= 26.2769 AND ""tg_overround"" IS NOT NULL AND ""tg_overround"" <= 1.1237",MODE3_202748.xlsx
BAS_prop:first_s_0062,prop:first_scorer_hold,Jobber,2.36,48.4,11.1,320,prop:first_scorer_hold,backed-side price at arm,"final_winner (recorded settlement, never derived)",1.4,5,60,market_status · total_goals_market_active where present,5,prog_score <= 0.35 AND line_move <= 4.0 AND lead_vs_line <= -143.0 AND u_ratio_open <= 2.9167 AND tg_overround <= 1.1237,"""prog_score"" IS NOT NULL AND ""prog_score"" <= 0.35 AND ""line_move"" IS NOT NULL AND ""line_move"" <= 4.0 AND ""lead_vs_line"" IS NOT NULL AND ""lead_vs_line"" <= -143.0 AND ""u_ratio_open"" IS NOT NULL AND ""u_ratio_open"" <= 2.9167 AND ""tg_overround"" IS NOT NULL AND ""tg_overround"" <= 1.1237",MODE3_202748.xlsx
BAS_tg_under_0005,tg_under,Npc,1.778,61.9,10.6,303,tg_under,backed-side price at arm,"final_winner (recorded settlement, never derived)",1.4,5,60,market_status · total_goals_market_active where present,3,prog_q >= 0.5 AND u_open >= 1.2 AND is_trailer <= 0.8231,"""prog_q"" IS NOT NULL AND ""prog_q"" >= 0.5 AND ""u_open"" IS NOT NULL AND ""u_open"" >= 1.2 AND ""is_trailer"" IS NOT NULL AND ""is_trailer"" <= 0.8231",MODE3_202748.xlsx
BAS_late_lead_ho_0110,late_lead_hold,Npc,1.571,70.6,10.5,335,late_lead_hold,backed-side price at arm,"final_winner (recorded settlement, never derived)",1.4,5,60,market_status · total_goals_market_active where present,6,prog_score <= 0.35 AND line_move <= 4.0 AND odds_ratio <= 1.227 AND trailer_price >= 1.8518 AND total_points_over <= 1.9442 AND lead_changes_300s <= 1.0,"""prog_score"" IS NOT NULL AND ""prog_score"" <= 0.35 AND ""line_move"" IS NOT NULL AND ""line_move"" <= 4.0 AND ""odds_ratio"" IS NOT NULL AND ""odds_ratio"" <= 1.227 AND ""trailer_price"" IS NOT NULL AND ""trailer_price"" >= 1.8518 AND ""total_points_over"" IS NOT NULL AND ""total_points_over"" <= 1.9442 AND ""lead_changes_300s"" IS NOT NULL AND ""lead_changes_300s"" <= 1.0",MODE3_202748.xlsx
BAS_prop:late_le_0181,prop:late_lead_hold,Jobber,2.238,49.7,10.5,332,prop:late_lead_hold,backed-side price at arm,"final_winner (recorded settlement, never derived)",1.4,5,60,market_status · total_goals_market_active where present,3,lead_size >= 3.0 AND u_ratio_open <= 2.8107 AND open_gap <= 3.55,"""lead_size"" IS NOT NULL AND ""lead_size"" >= 3.0 AND ""u_ratio_open"" IS NOT NULL AND ""u_ratio_open"" <= 2.8107 AND ""open_gap"" IS NOT NULL AND ""open_gap"" <= 3.55",MODE3_202748.xlsx
BAS_prop:first_s_0056,prop:first_scorer_hold,Jobber,2.254,49.3,8.5,286,prop:first_scorer_hold,backed-side price at arm,"final_winner (recorded settlement, never derived)",1.4,5,60,market_status · total_goals_market_active where present,5,prog_score <= 0.35 AND line_move <= 4.0 AND price_gap <= 1.89 AND opp_drift <= 1.0811 AND tg_overround <= 1.1237,"""prog_score"" IS NOT NULL AND ""prog_score"" <= 0.35 AND ""line_move"" IS NOT NULL AND ""line_move"" <= 4.0 AND ""price_gap"" IS NOT NULL AND ""price_gap"" <= 1.89 AND ""opp_drift"" IS NOT NULL AND ""opp_drift"" <= 1.0811 AND ""tg_overround"" IS NOT NULL AND ""tg_overround"" <= 1.1237",MODE3_202748.xlsx
BAS_prop:first_s_0060,prop:first_scorer_hold,Jobber,2.336,47.1,8,298,prop:first_scorer_hold,backed-side price at arm,"final_winner (recorded settlement, never derived)",1.4,5,60,market_status · total_goals_market_active where present,4,prog_score <= 0.35 AND lead_vs_line <= -150.5 AND u_ratio_open <= 2.5724 AND tg_overround <= 1.1237,"""prog_score"" IS NOT NULL AND ""prog_score"" <= 0.35 AND ""lead_vs_line"" IS NOT NULL AND ""lead_vs_line"" <= -150.5 AND ""u_ratio_open"" IS NOT NULL AND ""u_ratio_open"" <= 2.5724 AND ""tg_overround"" IS NOT NULL AND ""tg_overround"" <= 1.1237",MODE3_202748.xlsx
BAS_spread_dog_c_0154,spread_dog_cover,Vision,1.925,56,7.7,297,spread_dog_cover,backed-side price at arm,"final_winner (recorded settlement, never derived)",1.4,5,60,market_status · total_goals_market_active where present,3,prog_score <= 0.35 AND lead_vs_line <= -140.5 AND dog_odds_vol_180 <= 0.2346,"""prog_score"" IS NOT NULL AND ""prog_score"" <= 0.35 AND ""lead_vs_line"" IS NOT NULL AND ""lead_vs_line"" <= -140.5 AND ""dog_odds_vol_180"" IS NOT NULL AND ""dog_odds_vol_180"" <= 0.2346",MODE3_202748.xlsx
BAS_DRIFTED_0046,DRIFTED,Jobber,2.444,43.8,7.6,275,DRIFTED,backed-side price at arm,"final_winner (recorded settlement, never derived)",1.4,5,60,market_status · total_goals_market_active where present,2,line >= 170.0 AND pm_home <= 2.6314,"""line"" IS NOT NULL AND ""line"" >= 170.0 AND ""pm_home"" IS NOT NULL AND ""pm_home"" <= 2.6314",MODE3_202748.xlsx
BAS_spec:TG_Hist_0072,spec:TG_Historical_vs_Handicap_Under,Vision,1.912,56.4,7.5,483,spec:TG_Historical_vs_Handicap_Under,backed-side price at arm,"final_winner (recorded settlement, never derived)",1.4,5,60,market_status · total_goals_market_active where present,3,prog >= 0.7151017554368007 AND time_at_this_price < 52.915909090909054 AND pace_last_300s_vs_line >= -159.72,"""prog"" IS NOT NULL AND ""prog"" >= 0.7151017554368007 AND ""time_at_this_price"" IS NOT NULL AND ""time_at_this_price"" < 52.915909090909054 AND ""pace_last_300s_vs_line"" IS NOT NULL AND ""pace_last_300s_vs_line"" >= -159.72",MODE3_202748.xlsx
BAS_prop:first_s_0059,prop:first_scorer_hold,Jobber,2.357,47.9,7.4,347,prop:first_scorer_hold,backed-side price at arm,"final_winner (recorded settlement, never derived)",1.4,5,60,market_status · total_goals_market_active where present,2,u_overround <= 1.1109 AND req_ratio <= 1.3805,"""u_overround"" IS NOT NULL AND ""u_overround"" <= 1.1109 AND ""req_ratio"" IS NOT NULL AND ""req_ratio"" <= 1.3805",MODE3_202748.xlsx
BAS_prop:first_s_0054,prop:first_scorer_hold,Jobber,2.254,47.9,7.1,318,prop:first_scorer_hold,backed-side price at arm,"final_winner (recorded settlement, never derived)",1.4,5,60,market_status · total_goals_market_active where present,5,line_open >= 140.0 AND prog_score <= 0.35 AND rk_odds_ratio <= 2.3716 AND leader_runmax >= 1.8456 AND tot_vs_line <= -128.8692,"""line_open"" IS NOT NULL AND ""line_open"" >= 140.0 AND ""prog_score"" IS NOT NULL AND ""prog_score"" <= 0.35 AND ""rk_odds_ratio"" IS NOT NULL AND ""rk_odds_ratio"" <= 2.3716 AND ""leader_runmax"" IS NOT NULL AND ""leader_runmax"" >= 1.8456 AND ""tot_vs_line"" IS NOT NULL AND ""tot_vs_line"" <= -128.8692",MODE3_202748.xlsx
BAS_late_lead_ho_0007,,Jobber,2.374,45.7,6.8,392,,backed-side price at arm,"final_winner (recorded settlement, never derived)",1.4,5,60,market_status · total_goals_market_active where present,5,prog_score <= 0.35 AND line_move <= 4.0 AND price_gap <= 1.89 AND opp_drift <= 1.0811 AND trail <= 6.0,"""prog_score"" IS NOT NULL AND ""prog_score"" <= 0.35 AND ""line_move"" IS NOT NULL AND ""line_move"" <= 4.0 AND ""price_gap"" IS NOT NULL AND ""price_gap"" <= 1.89 AND ""opp_drift"" IS NOT NULL AND ""opp_drift"" <= 1.0811 AND ""trail"" IS NOT NULL AND ""trail"" <= 6.0",MODE3_202748.xlsx
BAS_prop:first_s_0055,prop:first_scorer_hold,Jobber,2.429,45.5,6.8,300,prop:first_scorer_hold,backed-side price at arm,"final_winner (recorded settlement, never derived)",1.4,5,60,market_status · total_goals_market_active where present,4,prog_score <= 0.35 AND lead_vs_line <= -140.5 AND req_ratio >= 1.195 AND tg_overround <= 1.1237,"""prog_score"" IS NOT NULL AND ""prog_score"" <= 0.35 AND ""lead_vs_line"" IS NOT NULL AND ""lead_vs_line"" <= -140.5 AND ""req_ratio"" IS NOT NULL AND ""req_ratio"" >= 1.195 AND ""tg_overround"" IS NOT NULL AND ""tg_overround"" <= 1.1237",MODE3_202748.xlsx
BAS_q1_winner_0139,q1_winner,Npc,1.498,71.3,6.5,371,q1_winner,backed-side price at arm,"final_winner (recorded settlement, never derived)",1.4,5,60,market_status · total_goals_market_active where present,2,X_q1_lead__minus__u_overround >= 1.88889 AND rk_implied_edge >= 0.0764,"""X_q1_lead__minus__u_overround"" IS NOT NULL AND ""X_q1_lead__minus__u_overround"" >= 1.88889 AND ""rk_implied_edge"" IS NOT NULL AND ""rk_implied_edge"" >= 0.0764",MODE3_202748.xlsx
BAS_prop:first_s_0098,prop:first_scorer_hold,Npc,1.568,67.9,6.4,344,prop:first_scorer_hold,backed-side price at arm,"final_winner (recorded settlement, never derived)",1.4,5,60,market_status · total_goals_market_active where present,3,prog_score <= 0.35 AND rk_dog_odds >= 1.8351 AND opp >= 1.91,"""prog_score"" IS NOT NULL AND ""prog_score"" <= 0.35 AND ""rk_dog_odds"" IS NOT NULL AND ""rk_dog_odds"" >= 1.8351 AND ""opp"" IS NOT NULL AND ""opp"" >= 1.91",MODE3_202748.xlsx
BAS_prop:drifter_0029,prop:drifter_vs_open,Feeder,5.159,21.4,6.2,327,prop:drifter_vs_open,backed-side price at arm,"final_winner (recorded settlement, never derived)",1.4,5,60,market_status · total_goals_market_active where present,6,line_open >= 140.0 AND pm_away <= 2.92 AND leader_runmax <= 3.66 AND secs_since_run_started >= 0.0 AND u_trend <= -5.7851 AND total_goals_handicap_ffill <= 197.5,"""line_open"" IS NOT NULL AND ""line_open"" >= 140.0 AND ""pm_away"" IS NOT NULL AND ""pm_away"" <= 2.92 AND ""leader_runmax"" IS NOT NULL AND ""leader_runmax"" <= 3.66 AND ""secs_since_run_started"" IS NOT NULL AND ""secs_since_run_started"" >= 0.0 AND ""u_trend"" IS NOT NULL AND ""u_trend"" <= -5.7851 AND ""total_goals_handicap_ffill"" IS NOT NULL AND ""total_goals_handicap_ffill"" <= 197.5",MODE3_202748.xlsx
BAS_prop:drifter_0026,prop:drifter_vs_open,Ino,5.452,18.8,6,316,prop:drifter_vs_open,backed-side price at arm,"final_winner (recorded settlement, never derived)",1.4,5,60,market_status · total_goals_market_active where present,3,line >= 170.0 AND X_minute__over__u_vol <= 2696.29 AND both_scored >= 1.0,"""line"" IS NOT NULL AND ""line"" >= 170.0 AND ""X_minute__over__u_vol"" IS NOT NULL AND ""X_minute__over__u_vol"" <= 2696.29 AND ""both_scored"" IS NOT NULL AND ""both_scored"" >= 1.0",MODE3_202748.xlsx
BAS_late_lead_ho_0115,late_lead_hold,Npc,1.575,67.6,5.9,420,late_lead_hold,backed-side price at arm,"final_winner (recorded settlement, never derived)",1.4,5,60,market_status · total_goals_market_active where present,4,prog_score <= 0.35 AND u_ratio_open <= 3.0575 AND trailer_price >= 1.8315 AND prematch_dog_odds >= 1.9465,"""prog_score"" IS NOT NULL AND ""prog_score"" <= 0.35 AND ""u_ratio_open"" IS NOT NULL AND ""u_ratio_open"" <= 3.0575 AND ""trailer_price"" IS NOT NULL AND ""trailer_price"" >= 1.8315 AND ""prematch_dog_odds"" IS NOT NULL AND ""prematch_dog_odds"" >= 1.9465",MODE3_202748.xlsx
BAS_late_lead_ho_0103,late_lead_hold,Npc,1.622,66.1,5.9,354,late_lead_hold,backed-side price at arm,"final_winner (recorded settlement, never derived)",1.4,5,60,market_status · total_goals_market_active where present,4,dog_odds_vol_180 <= 0.15546 AND price_gap >= 0.04 AND lead_changes_300s <= 2.0 AND line_open >= 134.5,"""dog_odds_vol_180"" IS NOT NULL AND ""dog_odds_vol_180"" <= 0.15546 AND ""price_gap"" IS NOT NULL AND ""price_gap"" >= 0.04 AND ""lead_changes_300s"" IS NOT NULL AND ""lead_changes_300s"" <= 2.0 AND ""line_open"" IS NOT NULL AND ""line_open"" >= 134.5",MODE3_202748.xlsx
BAS_spec:TG_Hist_0071,spec:TG_Historical_vs_Handicap_Under,Vision,1.885,56.2,5.9,371,spec:TG_Historical_vs_Handicap_Under,backed-side price at arm,"final_winner (recorded settlement, never derived)",1.4,5,60,market_status · total_goals_market_active where present,2,prog_score >= 0.45 AND u_drift_opp <= 11.7818,"""prog_score"" IS NOT NULL AND ""prog_score"" >= 0.45 AND ""u_drift_opp"" IS NOT NULL AND ""u_drift_opp"" <= 11.7818",MODE3_202748.xlsx
BAS_spread_dog_c_0118,spread_dog_cover,Vision,1.8,58.7,5.6,305,spread_dog_cover,backed-side price at arm,"final_winner (recorded settlement, never derived)",1.4,5,60,market_status · total_goals_market_active where present,5,line_open >= 140.0 AND need_frac >= 0.4 AND prog_score <= 0.35 AND lead_vs_line <= -154.5 AND X_X_u_elapsed__minus__u_time_in_lead__over__X_u_pace__over__u_time_in_lead >= -0.0083,"""line_open"" IS NOT NULL AND ""line_open"" >= 140.0 AND ""need_frac"" IS NOT NULL AND ""need_frac"" >= 0.4 AND ""prog_score"" IS NOT NULL AND ""prog_score"" <= 0.35 AND ""lead_vs_line"" IS NOT NULL AND ""lead_vs_line"" <= -154.5 AND ""X_X_u_elapsed__minus__u_time_in_lead__over__X_u_pace__over__u_time_in_lead"" IS NOT NULL AND ""X_X_u_elapsed__minus__u_time_in_lead__over__X_u_pace__over__u_time_in_lead"" >= -0.0083",MODE3_202748.xlsx
BAS_prop:garbage_0127,prop:garbage_under,Vision,1.763,59.7,5.4,340,prop:garbage_under,backed-side price at arm,"final_winner (recorded settlement, never derived)",1.4,5,60,market_status · total_goals_market_active where present,2,lead_m15 <= 0.0 AND u_overround >= 1.0508,"""lead_m15"" IS NOT NULL AND ""lead_m15"" <= 0.0 AND ""u_overround"" IS NOT NULL AND ""u_overround"" >= 1.0508",MODE3_202748.xlsx
BAS_tg_under_lag_0135,tg_under_lag,Vision,1.927,55.1,5.3,361,tg_under_lag,backed-side price at arm,"final_winner (recorded settlement, never derived)",1.4,5,60,market_status · total_goals_market_active where present,4,line_open >= 140.0 AND need_frac >= 0.4 AND dog_odds_vol_180 >= 0.0469 AND u_ratio_shift >= 0.395,"""line_open"" IS NOT NULL AND ""line_open"" >= 140.0 AND ""need_frac"" IS NOT NULL AND ""need_frac"" >= 0.4 AND ""dog_odds_vol_180"" IS NOT NULL AND ""dog_odds_vol_180"" >= 0.0469 AND ""u_ratio_shift"" IS NOT NULL AND ""u_ratio_shift"" >= 0.395",MODE3_202748.xlsx
BAS_prop:first_s_0047,prop:first_scorer_hold,Jobber,2.198,48.7,5.2,320,prop:first_scorer_hold,backed-side price at arm,"final_winner (recorded settlement, never derived)",1.4,5,60,market_status · total_goals_market_active where present,5,line_open >= 140.0 AND prog_score <= 0.35 AND rk_odds_ratio <= 2.3716 AND X_minute__minus__u_drought <= 28.0923 AND tg_overround <= 1.1237,"""line_open"" IS NOT NULL AND ""line_open"" >= 140.0 AND ""prog_score"" IS NOT NULL AND ""prog_score"" <= 0.35 AND ""rk_odds_ratio"" IS NOT NULL AND ""rk_odds_ratio"" <= 2.3716 AND ""X_minute__minus__u_drought"" IS NOT NULL AND ""X_minute__minus__u_drought"" <= 28.0923 AND ""tg_overround"" IS NOT NULL AND ""tg_overround"" <= 1.1237",MODE3_202748.xlsx
BAS_prop:first_s_0091,prop:first_scorer_hold,Npc,1.645,64.7,5,331,prop:first_scorer_hold,backed-side price at arm,"final_winner (recorded settlement, never derived)",1.4,5,60,market_status · total_goals_market_active where present,5,total_points_under >= 1.75 AND hour >= 2.0 AND away_odds >= 1.159999966621399 AND tot_vs_line <= -129.823 AND opp >= 1.53,"""total_points_under"" IS NOT NULL AND ""total_points_under"" >= 1.75 AND ""hour"" IS NOT NULL AND ""hour"" >= 2.0 AND ""away_odds"" IS NOT NULL AND ""away_odds"" >= 1.159999966621399 AND ""tot_vs_line"" IS NOT NULL AND ""tot_vs_line"" <= -129.823 AND ""opp"" IS NOT NULL AND ""opp"" >= 1.53",MODE3_202748.xlsx
BAS_prop:held_le_0182,prop:held_lead,Jobber,2.155,49,4.9,304,prop:held_lead,backed-side price at arm,"final_winner (recorded settlement, never derived)",1.4,5,60,market_status · total_goals_market_active where present,2,rk_fav_odds >= 1.23 AND u_ratio_open <= 2.842,"""rk_fav_odds"" IS NOT NULL AND ""rk_fav_odds"" >= 1.23 AND ""u_ratio_open"" IS NOT NULL AND ""u_ratio_open"" <= 2.842",MODE3_202748.xlsx
BAS_spec:Loser_1_0023,spec:Loser_1G,Ino,5.383,18.4,4.9,309,spec:Loser_1G,backed-side price at arm,"final_winner (recorded settlement, never derived)",1.4,5,60,market_status · total_goals_market_active where present,4,time_at_this_price <= 28.2017 AND lead_vs_line <= -170.833 AND total_line_move >= -4.0 AND lead_m30 <= 1.0,"""time_at_this_price"" IS NOT NULL AND ""time_at_this_price"" <= 28.2017 AND ""lead_vs_line"" IS NOT NULL AND ""lead_vs_line"" <= -170.833 AND ""total_line_move"" IS NOT NULL AND ""total_line_move"" >= -4.0 AND ""lead_m30"" IS NOT NULL AND ""lead_m30"" <= 1.0",MODE3_202748.xlsx
BAS_tg_under_lag_0136,tg_under_lag,Vision,1.907,55.2,4.8,418,tg_under_lag,backed-side price at arm,"final_winner (recorded settlement, never derived)",1.4,5,60,market_status · total_goals_market_active where present,4,line_open >= 140.0 AND rk_lead_off_high >= 0.2333 AND lead_m15 <= 1.0 AND line_vel <= 1.0,"""line_open"" IS NOT NULL AND ""line_open"" >= 140.0 AND ""rk_lead_off_high"" IS NOT NULL AND ""rk_lead_off_high"" >= 0.2333 AND ""lead_m15"" IS NOT NULL AND ""lead_m15"" <= 1.0 AND ""line_vel"" IS NOT NULL AND ""line_vel"" <= 1.0",MODE3_202748.xlsx
BAS_lead_ml_0144,lead_ml,Jobber,2.402,43.9,4.8,327,lead_ml,backed-side price at arm,"final_winner (recorded settlement, never derived)",1.4,5,60,market_status · total_goals_market_active where present,6,line_open >= 140.0 AND need_frac >= 0.4 AND open_vs_now_lead <= 0.9043 AND motif_0 <= 0.0 AND X_minute__minus__u_drought <= 26.2769 AND req_ratio >= 1.1951,"""line_open"" IS NOT NULL AND ""line_open"" >= 140.0 AND ""need_frac"" IS NOT NULL AND ""need_frac"" >= 0.4 AND ""open_vs_now_lead"" IS NOT NULL AND ""open_vs_now_lead"" <= 0.9043 AND ""motif_0"" IS NOT NULL AND ""motif_0"" <= 0.0 AND ""X_minute__minus__u_drought"" IS NOT NULL AND ""X_minute__minus__u_drought"" <= 26.2769 AND ""req_ratio"" IS NOT NULL AND ""req_ratio"" >= 1.1951",MODE3_202748.xlsx
BAS_spec:TG_Hist_0014,spec:TG_Historical_vs_Handicap_Under,Vision,1.78,58.5,4.7,430,spec:TG_Historical_vs_Handicap_Under,backed-side price at arm,"final_winner (recorded settlement, never derived)",1.4,5,60,market_status · total_goals_market_active where present,5,prog_score <= 0.35 AND line_move <= 4.0 AND price_gap <= 1.89 AND opp_drift <= 1.0811 AND need_vs_expected <= 168.5,"""prog_score"" IS NOT NULL AND ""prog_score"" <= 0.35 AND ""line_move"" IS NOT NULL AND ""line_move"" <= 4.0 AND ""price_gap"" IS NOT NULL AND ""price_gap"" <= 1.89 AND ""opp_drift"" IS NOT NULL AND ""opp_drift"" <= 1.0811 AND ""need_vs_expected"" IS NOT NULL AND ""need_vs_expected"" <= 168.5",MODE3_202748.xlsx
BAS_prop:match_t_0073,prop:match_total_pace,Vision,1.931,54.5,4.7,365,prop:match_total_pace,backed-side price at arm,"final_winner (recorded settlement, never derived)",1.4,5,60,market_status · total_goals_market_active where present,2,rk_odds_ratio <= 2.6602 AND lead_vs_line >= -173.8462,"""rk_odds_ratio"" IS NOT NULL AND ""rk_odds_ratio"" <= 2.6602 AND ""lead_vs_line"" IS NOT NULL AND ""lead_vs_line"" >= -173.8462",MODE3_202748.xlsx
BAS_tg_under_lag_0035,tg_under_lag,Vision,1.78,58.8,4.6,380,tg_under_lag,backed-side price at arm,"final_winner (recorded settlement, never derived)",1.4,5,60,market_status · total_goals_market_active where present,4,time_at_this_price <= 28.2017 AND u_vf <= 0.8899 AND ld_rank >= 0.625 AND is_big_lead >= 0.2821,"""time_at_this_price"" IS NOT NULL AND ""time_at_this_price"" <= 28.2017 AND ""u_vf"" IS NOT NULL AND ""u_vf"" <= 0.8899 AND ""ld_rank"" IS NOT NULL AND ""ld_rank"" >= 0.625 AND ""is_big_lead"" IS NOT NULL AND ""is_big_lead"" >= 0.2821",MODE3_202748.xlsx
BAS_lead_ml_0082,lead_ml,Npc,1.494,69.8,4.3,330,lead_ml,backed-side price at arm,"final_winner (recorded settlement, never derived)",1.4,5,60,market_status · total_goals_market_active where present,3,prog_score <= 0.35 AND rk_implied_edge >= 0.107 AND u_drought <= 71.4786,"""prog_score"" IS NOT NULL AND ""prog_score"" <= 0.35 AND ""rk_implied_edge"" IS NOT NULL AND ""rk_implied_edge"" >= 0.107 AND ""u_drought"" IS NOT NULL AND ""u_drought"" <= 71.4786",MODE3_202748.xlsx
BAS_tg_under_0068,tg_under,Vision,1.907,54.9,4.3,412,tg_under,backed-side price at arm,"final_winner (recorded settlement, never derived)",1.4,5,60,market_status · total_goals_market_active where present,3,prog >= 0.7151017554368007 AND time_at_this_price < 52.915909090909054 AND X_X_u_elapsed__minus__u_time_in_lead__over__X_u_pace__over__u_time_in_lead <= 0.0249,"""prog"" IS NOT NULL AND ""prog"" >= 0.7151017554368007 AND ""time_at_this_price"" IS NOT NULL AND ""time_at_this_price"" < 52.915909090909054 AND ""X_X_u_elapsed__minus__u_time_in_lead__over__X_u_pace__over__u_time_in_lead"" IS NOT NULL AND ""X_X_u_elapsed__minus__u_time_in_lead__over__X_u_pace__over__u_time_in_lead"" <= 0.0249",MODE3_202748.xlsx
BAS_tg_under_0003,tg_under,Vision,1.78,58.3,4.2,418,tg_under,backed-side price at arm,"final_winner (recorded settlement, never derived)",1.4,5,60,market_status · total_goals_market_active where present,5,prog_score <= 0.35 AND line_move <= 4.0 AND price_gap <= 1.89 AND opp_drift <= 1.0811 AND tot_vs_line >= -174.5,"""prog_score"" IS NOT NULL AND ""prog_score"" <= 0.35 AND ""line_move"" IS NOT NULL AND ""line_move"" <= 4.0 AND ""price_gap"" IS NOT NULL AND ""price_gap"" <= 1.89 AND ""opp_drift"" IS NOT NULL AND ""opp_drift"" <= 1.0811 AND ""tot_vs_line"" IS NOT NULL AND ""tot_vs_line"" >= -174.5",MODE3_202748.xlsx
BAS_tg_under_lag_0132,tg_under_lag,Vision,1.933,54.2,4.1,330,tg_under_lag,backed-side price at arm,"final_winner (recorded settlement, never derived)",1.4,5,60,market_status · total_goals_market_active where present,5,line_open >= 140.0 AND need_frac >= 0.4 AND trailer_price >= 1.8471 AND pace_vs_line_pct >= -0.9852 AND eng_minute_ge_2 >= 1.0,"""line_open"" IS NOT NULL AND ""line_open"" >= 140.0 AND ""need_frac"" IS NOT NULL AND ""need_frac"" >= 0.4 AND ""trailer_price"" IS NOT NULL AND ""trailer_price"" >= 1.8471 AND ""pace_vs_line_pct"" IS NOT NULL AND ""pace_vs_line_pct"" >= -0.9852 AND ""eng_minute_ge_2"" IS NOT NULL AND ""eng_minute_ge_2"" >= 1.0",MODE3_202748.xlsx
BAS_late_lead_ho_0166,late_lead_hold,Jobber,2.293,46,4.1,319,late_lead_hold,backed-side price at arm,"final_winner (recorded settlement, never derived)",1.4,5,60,market_status · total_goals_market_active where present,6,line_open >= 140.0 AND prog_score <= 0.35 AND rk_odds_ratio <= 2.3716 AND X_minute__minus__u_drought <= 28.0923 AND lead_changes_300s <= 2.0 AND tg_overround <= 1.1237,"""line_open"" IS NOT NULL AND ""line_open"" >= 140.0 AND ""prog_score"" IS NOT NULL AND ""prog_score"" <= 0.35 AND ""rk_odds_ratio"" IS NOT NULL AND ""rk_odds_ratio"" <= 2.3716 AND ""X_minute__minus__u_drought"" IS NOT NULL AND ""X_minute__minus__u_drought"" <= 28.0923 AND ""lead_changes_300s"" IS NOT NULL AND ""lead_changes_300s"" <= 2.0 AND ""tg_overround"" IS NOT NULL AND ""tg_overround"" <= 1.1237",MODE3_202748.xlsx
BAS_tg_under_0012,tg_under,Vision,1.767,58.7,4,805,tg_under,backed-side price at arm,"final_winner (recorded settlement, never derived)",1.4,5,60,market_status · total_goals_market_active where present,2,u_jump >= 0.9449 AND total_points_under <= 1.8,"""u_jump"" IS NOT NULL AND ""u_jump"" >= 0.9449 AND ""total_points_under"" IS NOT NULL AND ""total_points_under"" <= 1.8",MODE3_202748.xlsx
BAS_spec:Leader_0077,spec:Leader,Npc,1.553,67.3,3.7,353,spec:Leader,backed-side price at arm,"final_winner (recorded settlement, never derived)",1.4,5,60,market_status · total_goals_market_active where present,3,prog_score <= 0.35 AND u_price <= 1.7584 AND overround_now <= 1.1135,"""prog_score"" IS NOT NULL AND ""prog_score"" <= 0.35 AND ""u_price"" IS NOT NULL AND ""u_price"" <= 1.7584 AND ""overround_now"" IS NOT NULL AND ""overround_now"" <= 1.1135",MODE3_202748.xlsx
BAS_spec:TG_Hist_0018,spec:TG_Historical_vs_Handicap_Under,Vision,1.766,58.5,3.7,555,spec:TG_Historical_vs_Handicap_Under,backed-side price at arm,"final_winner (recorded settlement, never derived)",1.4,5,60,market_status · total_goals_market_active where present,4,wall_min <= 171.805 AND lead_m15 <= 1.0 AND tg_imp_under >= 0.5435 AND secs_since_price <= 0.0,"""wall_min"" IS NOT NULL AND ""wall_min"" <= 171.805 AND ""lead_m15"" IS NOT NULL AND ""lead_m15"" <= 1.0 AND ""tg_imp_under"" IS NOT NULL AND ""tg_imp_under"" >= 0.5435 AND ""secs_since_price"" IS NOT NULL AND ""secs_since_price"" <= 0.0",MODE3_202748.xlsx
BAS_spec:TG_Hist_0069,spec:TG_Historical_vs_Handicap_Under,Vision,1.931,54,3.6,365,spec:TG_Historical_vs_Handicap_Under,backed-side price at arm,"final_winner (recorded settlement, never derived)",1.4,5,60,market_status · total_goals_market_active where present,2,rk_odds_ratio <= 2.6602 AND lead_vs_line >= -173.8462,"""rk_odds_ratio"" IS NOT NULL AND ""rk_odds_ratio"" <= 2.6602 AND ""lead_vs_line"" IS NOT NULL AND ""lead_vs_line"" >= -173.8462",MODE3_202748.xlsx
BAS_spec:HT_Unde_0122,spec:HT_Underdog_Fade,Vision,1.744,59.4,3.5,321,spec:HT_Underdog_Fade,backed-side price at arm,"final_winner (recorded settlement, never derived)",1.4,5,60,market_status · total_goals_market_active where present,3,prog_score <= 0.35 AND rk_dog_odds >= 1.8351 AND lead_changes_300s <= 2.0,"""prog_score"" IS NOT NULL AND ""prog_score"" <= 0.35 AND ""rk_dog_odds"" IS NOT NULL AND ""rk_dog_odds"" >= 1.8351 AND ""lead_changes_300s"" IS NOT NULL AND ""lead_changes_300s"" <= 2.0",MODE3_202748.xlsx
BAS_tg_under_0001,tg_under,Vision,1.777,57.7,3.5,338,tg_under,backed-side price at arm,"final_winner (recorded settlement, never derived)",1.4,5,60,market_status · total_goals_market_active where present,3,rk_odds_ratio <= 2.6602 AND prog_q >= 0.4444 AND tg_proj_vs_line >= -167.5197,"""rk_odds_ratio"" IS NOT NULL AND ""rk_odds_ratio"" <= 2.6602 AND ""prog_q"" IS NOT NULL AND ""prog_q"" >= 0.4444 AND ""tg_proj_vs_line"" IS NOT NULL AND ""tg_proj_vs_line"" >= -167.5197",MODE3_202748.xlsx
BAS_prop:first_s_0052,prop:first_scorer_hold,Jobber,2.211,46.9,3.5,326,prop:first_scorer_hold,backed-side price at arm,"final_winner (recorded settlement, never derived)",1.4,5,60,market_status · total_goals_market_active where present,4,line_open >= 140.0 AND prog_score <= 0.35 AND rk_odds_ratio <= 2.3716 AND total_line_move >= -4.0,"""line_open"" IS NOT NULL AND ""line_open"" >= 140.0 AND ""prog_score"" IS NOT NULL AND ""prog_score"" <= 0.35 AND ""rk_odds_ratio"" IS NOT NULL AND ""rk_odds_ratio"" <= 2.3716 AND ""total_line_move"" IS NOT NULL AND ""total_line_move"" >= -4.0",MODE3_202748.xlsx
BAS_late_lead_ho_0114,late_lead_hold,Npc,1.651,63.4,3.4,338,late_lead_hold,backed-side price at arm,"final_winner (recorded settlement, never derived)",1.4,5,60,market_status · total_goals_market_active where present,3,dog_odds_vol_180 <= 0.15546 AND u_pace <= 58.0667 AND needed_rate_for_over >= 2.9473,"""dog_odds_vol_180"" IS NOT NULL AND ""dog_odds_vol_180"" <= 0.15546 AND ""u_pace"" IS NOT NULL AND ""u_pace"" <= 58.0667 AND ""needed_rate_for_over"" IS NOT NULL AND ""needed_rate_for_over"" >= 2.9473",MODE3_202748.xlsx
BAS_prop:first_s_0058,prop:first_scorer_hold,Jobber,2.231,46.3,3.4,314,prop:first_scorer_hold,backed-side price at arm,"final_winner (recorded settlement, never derived)",1.4,5,60,market_status · total_goals_market_active where present,4,prog_score <= 0.35 AND lead_vs_line <= -151.823 AND opp_o <= 4.17 AND px_gap_ratio <= 1.442,"""prog_score"" IS NOT NULL AND ""prog_score"" <= 0.35 AND ""lead_vs_line"" IS NOT NULL AND ""lead_vs_line"" <= -151.823 AND ""opp_o"" IS NOT NULL AND ""opp_o"" <= 4.17 AND ""px_gap_ratio"" IS NOT NULL AND ""px_gap_ratio"" <= 1.442",MODE3_202748.xlsx
BAS_prop:first_s_0051,prop:first_scorer_hold,Jobber,2.242,46.2,3.3,329,prop:first_scorer_hold,backed-side price at arm,"final_winner (recorded settlement, never derived)",1.4,5,60,market_status · total_goals_market_active where present,4,prog_score <= 0.35 AND lead_vs_line <= -140.5 AND secs_since_quarter_start <= 41.6871 AND rk_fav_odds >= 1.2738,"""prog_score"" IS NOT NULL AND ""prog_score"" <= 0.35 AND ""lead_vs_line"" IS NOT NULL AND ""lead_vs_line"" <= -140.5 AND ""secs_since_quarter_start"" IS NOT NULL AND ""secs_since_quarter_start"" <= 41.6871 AND ""rk_fav_odds"" IS NOT NULL AND ""rk_fav_odds"" >= 1.2738",MODE3_202748.xlsx
BAS_late_lead_ho_0111,late_lead_hold,Npc,1.543,67.6,3.2,343,late_lead_hold,backed-side price at arm,"final_winner (recorded settlement, never derived)",1.4,5,60,market_status · total_goals_market_active where present,3,prog_score <= 0.35 AND rk_fav_odds <= 1.75 AND u_overround <= 1.113,"""prog_score"" IS NOT NULL AND ""prog_score"" <= 0.35 AND ""rk_fav_odds"" IS NOT NULL AND ""rk_fav_odds"" <= 1.75 AND ""u_overround"" IS NOT NULL AND ""u_overround"" <= 1.113",MODE3_202748.xlsx
BAS_h1_winner_0177,h1_winner,Npc,1.537,67.3,3.2,328,h1_winner,backed-side price at arm,"final_winner (recorded settlement, never derived)",1.4,5,60,market_status · total_goals_market_active where present,3,time_at_this_price <= 28.2017 AND price_rank_in_match >= 0.3333 AND u_flat <= 0.4769,"""time_at_this_price"" IS NOT NULL AND ""time_at_this_price"" <= 28.2017 AND ""price_rank_in_match"" IS NOT NULL AND ""price_rank_in_match"" >= 0.3333 AND ""u_flat"" IS NOT NULL AND ""u_flat"" <= 0.4769",MODE3_202748.xlsx
BAS_prop:first_s_0096,prop:first_scorer_hold,Npc,1.629,64.2,3.2,323,prop:first_scorer_hold,backed-side price at arm,"final_winner (recorded settlement, never derived)",1.4,5,60,market_status · total_goals_market_active where present,5,prog_score <= 0.35 AND odds_ratio <= 1.2094 AND pts_last_60s <= 6.0 AND lead_m15 <= 1.0 AND rk_odds_ratio >= 1.0318,"""prog_score"" IS NOT NULL AND ""prog_score"" <= 0.35 AND ""odds_ratio"" IS NOT NULL AND ""odds_ratio"" <= 1.2094 AND ""pts_last_60s"" IS NOT NULL AND ""pts_last_60s"" <= 6.0 AND ""lead_m15"" IS NOT NULL AND ""lead_m15"" <= 1.0 AND ""rk_odds_ratio"" IS NOT NULL AND ""rk_odds_ratio"" >= 1.0318",MODE3_202748.xlsx
BAS_spec:TG_Hist_0070,spec:TG_Historical_vs_Handicap_Under,Vision,1.908,54.4,3.2,339,spec:TG_Historical_vs_Handicap_Under,backed-side price at arm,"final_winner (recorded settlement, never derived)",1.4,5,60,market_status · total_goals_market_active where present,3,price_rank_in_match >= 0.3636365114164554 AND secs_since_score < 97.0 AND X_minute__over__u_pace <= 1.5057,"""price_rank_in_match"" IS NOT NULL AND ""price_rank_in_match"" >= 0.3636365114164554 AND ""secs_since_score"" IS NOT NULL AND ""secs_since_score"" < 97.0 AND ""X_minute__over__u_pace"" IS NOT NULL AND ""X_minute__over__u_pace"" <= 1.5057",MODE3_202748.xlsx
BAS_prop:match_t_0021,prop:match_total_pace,Vision,1.777,57.7,3.1,414,prop:match_total_pace,backed-side price at arm,"final_winner (recorded settlement, never derived)",1.4,5,60,market_status · total_goals_market_active where present,6,prog_score <= 0.35 AND line_move <= 4.0 AND price_gap <= 1.89 AND opp_drift <= 1.0811 AND trail <= 6.0 AND pace_last_300s_vs_line >= -174.5,"""prog_score"" IS NOT NULL AND ""prog_score"" <= 0.35 AND ""line_move"" IS NOT NULL AND ""line_move"" <= 4.0 AND ""price_gap"" IS NOT NULL AND ""price_gap"" <= 1.89 AND ""opp_drift"" IS NOT NULL AND ""opp_drift"" <= 1.0811 AND ""trail"" IS NOT NULL AND ""trail"" <= 6.0 AND ""pace_last_300s_vs_line"" IS NOT NULL AND ""pace_last_300s_vs_line"" >= -174.5",MODE3_202748.xlsx
BAS_spec:HT_Unde_0123,spec:HT_Underdog_Fade,Vision,1.737,59.5,3,331,spec:HT_Underdog_Fade,backed-side price at arm,"final_winner (recorded settlement, never derived)",1.4,5,60,market_status · total_goals_market_active where present,4,total_points_under >= 1.75 AND pm_away <= 2.85 AND X_X_u_elapsed__minus__u_time_in_lead__minus__X_u_pace__over__u_time_in_lead <= -19.1179 AND u_vel_t <= 0.0198,"""total_points_under"" IS NOT NULL AND ""total_points_under"" >= 1.75 AND ""pm_away"" IS NOT NULL AND ""pm_away"" <= 2.85 AND ""X_X_u_elapsed__minus__u_time_in_lead__minus__X_u_pace__over__u_time_in_lead"" IS NOT NULL AND ""X_X_u_elapsed__minus__u_time_in_lead__minus__X_u_pace__over__u_time_in_lead"" <= -19.1179 AND ""u_vel_t"" IS NOT NULL AND ""u_vel_t"" <= 0.0198",MODE3_202748.xlsx
BAS_prop:first_s_0053,prop:first_scorer_hold,Jobber,2.282,45.9,3,314,prop:first_scorer_hold,backed-side price at arm,"final_winner (recorded settlement, never derived)",1.4,5,60,market_status · total_goals_market_active where present,4,line_open >= 140.0 AND need_frac >= 0.4 AND prog_score <= 0.1318 AND px_gap_ratio <= 1.4925,"""line_open"" IS NOT NULL AND ""line_open"" >= 140.0 AND ""need_frac"" IS NOT NULL AND ""need_frac"" >= 0.4 AND ""prog_score"" IS NOT NULL AND ""prog_score"" <= 0.1318 AND ""px_gap_ratio"" IS NOT NULL AND ""px_gap_ratio"" <= 1.4925",MODE3_202748.xlsx
BAS_tg_under_0004,tg_under,Vision,1.777,57.6,2.9,343,tg_under,backed-side price at arm,"final_winner (recorded settlement, never derived)",1.4,5,60,market_status · total_goals_market_active where present,6,prog_score <= 0.35 AND line_move <= 4.0 AND price_gap <= 1.89 AND opp_drift <= 1.0811 AND trail <= 6.0 AND pace_last_300s_vs_line >= -185.8205,"""prog_score"" IS NOT NULL AND ""prog_score"" <= 0.35 AND ""line_move"" IS NOT NULL AND ""line_move"" <= 4.0 AND ""price_gap"" IS NOT NULL AND ""price_gap"" <= 1.89 AND ""opp_drift"" IS NOT NULL AND ""opp_drift"" <= 1.0811 AND ""trail"" IS NOT NULL AND ""trail"" <= 6.0 AND ""pace_last_300s_vs_line"" IS NOT NULL AND ""pace_last_300s_vs_line"" >= -185.8205",MODE3_202748.xlsx
BAS_tg_under_lag_0037,tg_under_lag,Vision,1.779,57.5,2.9,466,tg_under_lag,backed-side price at arm,"final_winner (recorded settlement, never derived)",1.4,5,60,market_status · total_goals_market_active where present,4,prog_score <= 0.35 AND line_move <= 4.0 AND price_gap <= 1.89 AND tg_proj_vs_line >= -168.5,"""prog_score"" IS NOT NULL AND ""prog_score"" <= 0.35 AND ""line_move"" IS NOT NULL AND ""line_move"" <= 4.0 AND ""price_gap"" IS NOT NULL AND ""price_gap"" <= 1.89 AND ""tg_proj_vs_line"" IS NOT NULL AND ""tg_proj_vs_line"" >= -168.5",MODE3_202748.xlsx
BAS_prop:late_le_0157,prop:late_lead_hold,Npc,1.636,62.8,2.8,339,prop:late_lead_hold,backed-side price at arm,"final_winner (recorded settlement, never derived)",1.4,5,60,market_status · total_goals_market_active where present,4,dog_odds_vol_180 <= 0.15546 AND price_gap >= 0.04 AND lead_changes_300s <= 2.0 AND line_flat >= 1.0,"""dog_odds_vol_180"" IS NOT NULL AND ""dog_odds_vol_180"" <= 0.15546 AND ""price_gap"" IS NOT NULL AND ""price_gap"" >= 0.04 AND ""lead_changes_300s"" IS NOT NULL AND ""lead_changes_300s"" <= 2.0 AND ""line_flat"" IS NOT NULL AND ""line_flat"" >= 1.0",MODE3_202748.xlsx
BAS_late_lead_ho_0102,late_lead_hold,Npc,1.637,63.2,2.7,314,late_lead_hold,backed-side price at arm,"final_winner (recorded settlement, never derived)",1.4,5,60,market_status · total_goals_market_active where present,6,line_open >= 140.0 AND pm_away <= 2.92 AND leader_runmax <= 3.66 AND lead_vs_med <= 1.175 AND rk_dog_odds >= 1.83 AND u_trend <= -2.6556,"""line_open"" IS NOT NULL AND ""line_open"" >= 140.0 AND ""pm_away"" IS NOT NULL AND ""pm_away"" <= 2.92 AND ""leader_runmax"" IS NOT NULL AND ""leader_runmax"" <= 3.66 AND ""lead_vs_med"" IS NOT NULL AND ""lead_vs_med"" <= 1.175 AND ""rk_dog_odds"" IS NOT NULL AND ""rk_dog_odds"" >= 1.83 AND ""u_trend"" IS NOT NULL AND ""u_trend"" <= -2.6556",MODE3_202748.xlsx
BAS_spec:TG_Hist_0017,spec:TG_Historical_vs_Handicap_Under,Vision,1.778,57.3,2.5,447,spec:TG_Historical_vs_Handicap_Under,backed-side price at arm,"final_winner (recorded settlement, never derived)",1.4,5,60,market_status · total_goals_market_active where present,4,prog_score <= 0.35 AND line_move <= 4.0 AND price_gap <= 1.89 AND tg_proj_vs_line >= -168.1895,"""prog_score"" IS NOT NULL AND ""prog_score"" <= 0.35 AND ""line_move"" IS NOT NULL AND ""line_move"" <= 4.0 AND ""price_gap"" IS NOT NULL AND ""price_gap"" <= 1.89 AND ""tg_proj_vs_line"" IS NOT NULL AND ""tg_proj_vs_line"" >= -168.1895",MODE3_202748.xlsx
BAS_tg_under_lag_0134,tg_under_lag,Vision,1.916,53.8,2.5,559,tg_under_lag,backed-side price at arm,"final_winner (recorded settlement, never derived)",1.4,5,60,market_status · total_goals_market_active where present,6,total_points_under >= 1.75 AND hour >= 2.0 AND away_odds >= 1.159999966621399 AND prog >= 0.25 AND recovery_x >= 1.0 AND pace_last_300s_vs_line >= -156.5908,"""total_points_under"" IS NOT NULL AND ""total_points_under"" >= 1.75 AND ""hour"" IS NOT NULL AND ""hour"" >= 2.0 AND ""away_odds"" IS NOT NULL AND ""away_odds"" >= 1.159999966621399 AND ""prog"" IS NOT NULL AND ""prog"" >= 0.25 AND ""recovery_x"" IS NOT NULL AND ""recovery_x"" >= 1.0 AND ""pace_last_300s_vs_line"" IS NOT NULL AND ""pace_last_300s_vs_line"" >= -156.5908",MODE3_202748.xlsx
BAS_late_lead_ho_0112,late_lead_hold,Npc,1.623,63.9,2.4,387,late_lead_hold,backed-side price at arm,"final_winner (recorded settlement, never derived)",1.4,5,60,market_status · total_goals_market_active where present,4,pm_ratio <= 3.6843 AND imbal >= 0.0164 AND line_flat >= 0.8667 AND trailer_drift >= 1.0222,"""pm_ratio"" IS NOT NULL AND ""pm_ratio"" <= 3.6843 AND ""imbal"" IS NOT NULL AND ""imbal"" >= 0.0164 AND ""line_flat"" IS NOT NULL AND ""line_flat"" >= 0.8667 AND ""trailer_drift"" IS NOT NULL AND ""trailer_drift"" >= 1.0222",MODE3_202748.xlsx
BAS_spread_dog_c_0155,spread_dog_cover,Vision,1.924,53.4,2.4,439,spread_dog_cover,backed-side price at arm,"final_winner (recorded settlement, never derived)",1.4,5,60,market_status · total_goals_market_active where present,4,line_open >= 140.0 AND prog_score <= 0.35 AND rk_dog_odds >= 1.8392 AND lead_changes_300s <= 1.0,"""line_open"" IS NOT NULL AND ""line_open"" >= 140.0 AND ""prog_score"" IS NOT NULL AND ""prog_score"" <= 0.35 AND ""rk_dog_odds"" IS NOT NULL AND ""rk_dog_odds"" >= 1.8392 AND ""lead_changes_300s"" IS NOT NULL AND ""lead_changes_300s"" <= 1.0",MODE3_202748.xlsx
BAS_tg_under_lag_0031,tg_under_lag,Vision,1.782,57.1,2.3,433,tg_under_lag,backed-side price at arm,"final_winner (recorded settlement, never derived)",1.4,5,60,market_status · total_goals_market_active where present,4,time_at_this_price <= 28.2017 AND u_vf <= 0.8899 AND abs_margin_per_remaining_s >= 0.0004 AND lead_vs_line >= -180.341,"""time_at_this_price"" IS NOT NULL AND ""time_at_this_price"" <= 28.2017 AND ""u_vf"" IS NOT NULL AND ""u_vf"" <= 0.8899 AND ""abs_margin_per_remaining_s"" IS NOT NULL AND ""abs_margin_per_remaining_s"" >= 0.0004 AND ""lead_vs_line"" IS NOT NULL AND ""lead_vs_line"" >= -180.341",MODE3_202748.xlsx
BAS_spread_dog_c_0119,spread_dog_cover,Vision,1.8,56.8,2.3,360,spread_dog_cover,backed-side price at arm,"final_winner (recorded settlement, never derived)",1.4,5,60,market_status · total_goals_market_active where present,5,line_open >= 140.0 AND need_frac >= 0.4 AND prog_score <= 0.35 AND u_ratio_open <= 3.0051 AND point_spread_handicap <= -1.5,"""line_open"" IS NOT NULL AND ""line_open"" >= 140.0 AND ""need_frac"" IS NOT NULL AND ""need_frac"" >= 0.4 AND ""prog_score"" IS NOT NULL AND ""prog_score"" <= 0.35 AND ""u_ratio_open"" IS NOT NULL AND ""u_ratio_open"" <= 3.0051 AND ""point_spread_handicap"" IS NOT NULL AND ""point_spread_handicap"" <= -1.5",MODE3_202748.xlsx
BAS_dog_leading_0147,dog_leading,Jobber,2.493,41.6,2.3,322,dog_leading,backed-side price at arm,"final_winner (recorded settlement, never derived)",1.4,5,60,market_status · total_goals_market_active where present,4,line_open >= 140.0 AND prog_score <= 0.35 AND X_X_minute__x__u_pace__minus__X_u_elapsed__minus__u_time_in_lead <= 169.724 AND tg_overround <= 1.1237,"""line_open"" IS NOT NULL AND ""line_open"" >= 140.0 AND ""prog_score"" IS NOT NULL AND ""prog_score"" <= 0.35 AND ""X_X_minute__x__u_pace__minus__X_u_elapsed__minus__u_time_in_lead"" IS NOT NULL AND ""X_X_minute__x__u_pace__minus__X_u_elapsed__minus__u_time_in_lead"" <= 169.724 AND ""tg_overround"" IS NOT NULL AND ""tg_overround"" <= 1.1237",MODE3_202748.xlsx
BAS_spec:Leader_0079,spec:Leader,Npc,1.648,62.7,2.2,356,spec:Leader,backed-side price at arm,"final_winner (recorded settlement, never derived)",1.4,5,60,market_status · total_goals_market_active where present,3,prog_score <= 0.35 AND dog_odds_vol_180 <= 0.1733 AND req_ratio <= 1.3177,"""prog_score"" IS NOT NULL AND ""prog_score"" <= 0.35 AND ""dog_odds_vol_180"" IS NOT NULL AND ""dog_odds_vol_180"" <= 0.1733 AND ""req_ratio"" IS NOT NULL AND ""req_ratio"" <= 1.3177",MODE3_202748.xlsx
BAS_tg_under_0006,tg_under,Vision,1.774,57.4,2.2,408,tg_under,backed-side price at arm,"final_winner (recorded settlement, never derived)",1.4,5,60,market_status · total_goals_market_active where present,3,u_hazard <= -0.1409 AND needed_rate_for_over <= 3.6355 AND prog_q >= 0.0456,"""u_hazard"" IS NOT NULL AND ""u_hazard"" <= -0.1409 AND ""needed_rate_for_over"" IS NOT NULL AND ""needed_rate_for_over"" <= 3.6355 AND ""prog_q"" IS NOT NULL AND ""prog_q"" >= 0.0456",MODE3_202748.xlsx
BAS_prop:shorten_0163,prop:shortener_vs_open,Jobber,2.275,45.1,2.1,332,prop:shortener_vs_open,backed-side price at arm,"final_winner (recorded settlement, never derived)",1.4,5,60,market_status · total_goals_market_active where present,3,pm_ratio <= 3.6843 AND imbal >= 0.0164 AND u_jump >= 0.9459,"""pm_ratio"" IS NOT NULL AND ""pm_ratio"" <= 3.6843 AND ""imbal"" IS NOT NULL AND ""imbal"" >= 0.0164 AND ""u_jump"" IS NOT NULL AND ""u_jump"" >= 0.9459",MODE3_202748.xlsx
BAS_late_lead_ho_0104,late_lead_hold,Npc,1.628,63.3,2,337,late_lead_hold,backed-side price at arm,"final_winner (recorded settlement, never derived)",1.4,5,60,market_status · total_goals_market_active where present,5,line_open >= 140.0 AND prog_score <= 0.35 AND h_score <= 16.1205 AND u_hazard <= -0.1356 AND opp_velocity >= -0.0842,"""line_open"" IS NOT NULL AND ""line_open"" >= 140.0 AND ""prog_score"" IS NOT NULL AND ""prog_score"" <= 0.35 AND ""h_score"" IS NOT NULL AND ""h_score"" <= 16.1205 AND ""u_hazard"" IS NOT NULL AND ""u_hazard"" <= -0.1356 AND ""opp_velocity"" IS NOT NULL AND ""opp_velocity"" >= -0.0842",MODE3_202748.xlsx
BAS_lead_ml_0085,lead_ml,Npc,1.628,63.3,2,322,lead_ml,backed-side price at arm,"final_winner (recorded settlement, never derived)",1.4,5,60,market_status · total_goals_market_active where present,3,dog_odds_vol_180 <= 0.15546 AND X_minute__over__u_vol <= 353.579 AND home_pace <= 23.5316,"""dog_odds_vol_180"" IS NOT NULL AND ""dog_odds_vol_180"" <= 0.15546 AND ""X_minute__over__u_vol"" IS NOT NULL AND ""X_minute__over__u_vol"" <= 353.579 AND ""home_pace"" IS NOT NULL AND ""home_pace"" <= 23.5316",MODE3_202748.xlsx
BAS_lead_ml_0086,lead_ml,Npc,1.621,63.6,1.9,396,lead_ml,backed-side price at arm,"final_winner (recorded settlement, never derived)",1.4,5,60,market_status · total_goals_market_active where present,3,nchg_120 <= 2.0 AND retrace_lead <= 0.3623 AND dow >= 2.0,"""nchg_120"" IS NOT NULL AND ""nchg_120"" <= 2.0 AND ""retrace_lead"" IS NOT NULL AND ""retrace_lead"" <= 0.3623 AND ""dow"" IS NOT NULL AND ""dow"" >= 2.0",MODE3_202748.xlsx
BAS_prop:garbage_0128,prop:garbage_under,Vision,1.761,57.8,1.9,307,prop:garbage_under,backed-side price at arm,"final_winner (recorded settlement, never derived)",1.4,5,60,market_status · total_goals_market_active where present,2,total_line_move >= -5.8769 AND total_line_move >= 0.0,"""total_line_move"" IS NOT NULL AND ""total_line_move"" >= -5.8769 AND ""total_line_move"" IS NOT NULL AND ""total_line_move"" >= 0.0",MODE3_202748.xlsx
BAS_tg_under_0067,tg_under,Vision,1.932,53.1,1.9,300,tg_under,backed-side price at arm,"final_winner (recorded settlement, never derived)",1.4,5,60,market_status · total_goals_market_active where present,5,rk_odds_ratio <= 2.6602 AND u_drift_opp >= 0.7584 AND motif_2 <= 0.0 AND prog_x_margin >= -2.5026 AND X_u_elapsed__minus__u_time_in_lead >= -0.2546,"""rk_odds_ratio"" IS NOT NULL AND ""rk_odds_ratio"" <= 2.6602 AND ""u_drift_opp"" IS NOT NULL AND ""u_drift_opp"" >= 0.7584 AND ""motif_2"" IS NOT NULL AND ""motif_2"" <= 0.0 AND ""prog_x_margin"" IS NOT NULL AND ""prog_x_margin"" >= -2.5026 AND ""X_u_elapsed__minus__u_time_in_lead"" IS NOT NULL AND ""X_u_elapsed__minus__u_time_in_lead"" >= -0.2546",MODE3_202748.xlsx
BAS_late_lead_ho_0168,late_lead_hold,Jobber,2.208,45.8,1.8,412,late_lead_hold,backed-side price at arm,"final_winner (recorded settlement, never derived)",1.4,5,60,market_status · total_goals_market_active where present,2,trailer_price >= 1.34 AND retrace_lead <= 0.0439,"""trailer_price"" IS NOT NULL AND ""trailer_price"" >= 1.34 AND ""retrace_lead"" IS NOT NULL AND ""retrace_lead"" <= 0.0439",MODE3_202748.xlsx
BAS_prop:first_s_0065,prop:first_scorer_hold,Jobber,2.341,45.8,1.8,316,prop:first_scorer_hold,backed-side price at arm,"final_winner (recorded settlement, never derived)",1.4,5,60,market_status · total_goals_market_active where present,6,line_open >= 140.0 AND need_frac >= 0.4 AND prog_score <= 0.35 AND rk_odds_ratio <= 2.8601 AND margin_per_possession <= 0.0166 AND tg_overround <= 1.1236,"""line_open"" IS NOT NULL AND ""line_open"" >= 140.0 AND ""need_frac"" IS NOT NULL AND ""need_frac"" >= 0.4 AND ""prog_score"" IS NOT NULL AND ""prog_score"" <= 0.35 AND ""rk_odds_ratio"" IS NOT NULL AND ""rk_odds_ratio"" <= 2.8601 AND ""margin_per_possession"" IS NOT NULL AND ""margin_per_possession"" <= 0.0166 AND ""tg_overround"" IS NOT NULL AND ""tg_overround"" <= 1.1236",MODE3_202748.xlsx
BAS_prop:dog_lea_0151,prop:dog_leading_late,Jobber,2.394,43.8,1.8,339,prop:dog_leading_late,backed-side price at arm,"final_winner (recorded settlement, never derived)",1.4,5,60,market_status · total_goals_market_active where present,3,u_overround <= 1.1109 AND u_ratio_open <= 2.8919 AND tg_imp_over <= 0.6235,"""u_overround"" IS NOT NULL AND ""u_overround"" <= 1.1109 AND ""u_ratio_open"" IS NOT NULL AND ""u_ratio_open"" <= 2.8919 AND ""tg_imp_over"" IS NOT NULL AND ""tg_imp_over"" <= 0.6235",MODE3_202748.xlsx
BAS_prop:first_s_0064,prop:first_scorer_hold,Jobber,2.358,43.6,1.8,337,prop:first_scorer_hold,backed-side price at arm,"final_winner (recorded settlement, never derived)",1.4,5,60,market_status · total_goals_market_active where present,5,line_open >= 140.0 AND need_frac >= 0.4 AND prog_score <= 0.35 AND rk_odds_ratio <= 2.8601 AND wall_min >= 138.5,"""line_open"" IS NOT NULL AND ""line_open"" >= 140.0 AND ""need_frac"" IS NOT NULL AND ""need_frac"" >= 0.4 AND ""prog_score"" IS NOT NULL AND ""prog_score"" <= 0.35 AND ""rk_odds_ratio"" IS NOT NULL AND ""rk_odds_ratio"" <= 2.8601 AND ""wall_min"" IS NOT NULL AND ""wall_min"" >= 138.5",MODE3_202748.xlsx
BAS_spec:Leader_0078,spec:Leader,Npc,1.592,64.4,1.7,338,spec:Leader,backed-side price at arm,"final_winner (recorded settlement, never derived)",1.4,5,60,market_status · total_goals_market_active where present,3,prog_score <= 0.35 AND loser_runmax >= 1.8722 AND dow >= 1.041,"""prog_score"" IS NOT NULL AND ""prog_score"" <= 0.35 AND ""loser_runmax"" IS NOT NULL AND ""loser_runmax"" >= 1.8722 AND ""dow"" IS NOT NULL AND ""dow"" >= 1.041",MODE3_202748.xlsx
BAS_prop:drifter_0028,prop:drifter_vs_open,Feeder,5.264,20,1.7,348,prop:drifter_vs_open,backed-side price at arm,"final_winner (recorded settlement, never derived)",1.4,5,60,market_status · total_goals_market_active where present,6,line_open >= 140.0 AND pm_away <= 2.92 AND leader_runmax <= 3.66 AND secs_since_run_started >= 0.0 AND fav_lead_m30 >= -1.0 AND u_trend <= -6.5658,"""line_open"" IS NOT NULL AND ""line_open"" >= 140.0 AND ""pm_away"" IS NOT NULL AND ""pm_away"" <= 2.92 AND ""leader_runmax"" IS NOT NULL AND ""leader_runmax"" <= 3.66 AND ""secs_since_run_started"" IS NOT NULL AND ""secs_since_run_started"" >= 0.0 AND ""fav_lead_m30"" IS NOT NULL AND ""fav_lead_m30"" >= -1.0 AND ""u_trend"" IS NOT NULL AND ""u_trend"" <= -6.5658",MODE3_202748.xlsx
BAS_prop:first_s_0093,prop:first_scorer_hold,Npc,1.653,62.1,1.6,418,prop:first_scorer_hold,backed-side price at arm,"final_winner (recorded settlement, never derived)",1.4,5,60,market_status · total_goals_market_active where present,3,q <= 1.0 AND lead_m30 <= 1.0 AND opp >= 1.5927,"""q"" IS NOT NULL AND ""q"" <= 1.0 AND ""lead_m30"" IS NOT NULL AND ""lead_m30"" <= 1.0 AND ""opp"" IS NOT NULL AND ""opp"" >= 1.5927",MODE3_202748.xlsx
BAS_tg_under_0008,tg_under,Vision,1.711,59.1,1.6,239,tg_under,backed-side price at arm,"final_winner (recorded settlement, never derived)",1.4,5,60,market_status · total_goals_market_active where present,3,time_at_this_price <= 28.2017 AND price_rank_in_match >= 0.3333 AND tg_imp_under >= 0.5682,"""time_at_this_price"" IS NOT NULL AND ""time_at_this_price"" <= 28.2017 AND ""price_rank_in_match"" IS NOT NULL AND ""price_rank_in_match"" >= 0.3333 AND ""tg_imp_under"" IS NOT NULL AND ""tg_imp_under"" >= 0.5682",MODE3_202748.xlsx
BAS_DRIFTED_0121,DRIFTED,Npc,1.558,65.4,1.5,351,DRIFTED,backed-side price at arm,"final_winner (recorded settlement, never derived)",1.4,5,60,market_status · total_goals_market_active where present,3,rk_lead_off_low <= 2.1135 AND imbal >= 0.0217 AND u_ratio_open >= 0.6317,"""rk_lead_off_low"" IS NOT NULL AND ""rk_lead_off_low"" <= 2.1135 AND ""imbal"" IS NOT NULL AND ""imbal"" >= 0.0217 AND ""u_ratio_open"" IS NOT NULL AND ""u_ratio_open"" >= 0.6317",MODE3_202748.xlsx
BAS_prop:late_le_0158,prop:late_lead_hold,Npc,1.652,61.5,1.5,336,prop:late_lead_hold,backed-side price at arm,"final_winner (recorded settlement, never derived)",1.4,5,60,market_status · total_goals_market_active where present,3,dog_odds_vol_180 <= 0.15546 AND margin_range_300s >= 4.0 AND ten_mins <= 23.4436,"""dog_odds_vol_180"" IS NOT NULL AND ""dog_odds_vol_180"" <= 0.15546 AND ""margin_range_300s"" IS NOT NULL AND ""margin_range_300s"" >= 4.0 AND ""ten_mins"" IS NOT NULL AND ""ten_mins"" <= 23.4436",MODE3_202748.xlsx
BAS_prop:shorten_0152,prop:shortener_vs_open,Npc,1.638,62,1.5,317,prop:shortener_vs_open,backed-side price at arm,"final_winner (recorded settlement, never derived)",1.4,5,60,market_status · total_goals_market_active where present,5,lead_size >= 3.0 AND u_ratio_open <= 2.8107 AND scores_300s <= 4.0 AND fav_odds_trend_60 <= 0.2231 AND ten_mins <= 23.0897,"""lead_size"" IS NOT NULL AND ""lead_size"" >= 3.0 AND ""u_ratio_open"" IS NOT NULL AND ""u_ratio_open"" <= 2.8107 AND ""scores_300s"" IS NOT NULL AND ""scores_300s"" <= 4.0 AND ""fav_odds_trend_60"" IS NOT NULL AND ""fav_odds_trend_60"" <= 0.2231 AND ""ten_mins"" IS NOT NULL AND ""ten_mins"" <= 23.0897",MODE3_202748.xlsx
BAS_spread_dog_c_0120,spread_dog_cover,Vision,1.8,56.4,1.5,309,spread_dog_cover,backed-side price at arm,"final_winner (recorded settlement, never derived)",1.4,5,60,market_status · total_goals_market_active where present,4,line_open >= 140.0 AND retrace_lead <= 0.3163 AND secs_since_run_started >= 0.0 AND X_u_elapsed__minus__u_time_in_lead >= -0.1992,"""line_open"" IS NOT NULL AND ""line_open"" >= 140.0 AND ""retrace_lead"" IS NOT NULL AND ""retrace_lead"" <= 0.3163 AND ""secs_since_run_started"" IS NOT NULL AND ""secs_since_run_started"" >= 0.0 AND ""X_u_elapsed__minus__u_time_in_lead"" IS NOT NULL AND ""X_u_elapsed__minus__u_time_in_lead"" >= -0.1992",MODE3_202748.xlsx
BAS_prop:first_s_0095,prop:first_scorer_hold,Npc,1.552,65.7,1.4,328,prop:first_scorer_hold,backed-side price at arm,"final_winner (recorded settlement, never derived)",1.4,5,60,market_status · total_goals_market_active where present,6,total_points_under >= 1.75 AND hour >= 2.0 AND away_odds >= 1.159999966621399 AND total_points_over < 1.899999976158142 AND tot_vs_line <= -112.908 AND rk_odds_ratio >= 1.0867,"""total_points_under"" IS NOT NULL AND ""total_points_under"" >= 1.75 AND ""hour"" IS NOT NULL AND ""hour"" >= 2.0 AND ""away_odds"" IS NOT NULL AND ""away_odds"" >= 1.159999966621399 AND ""total_points_over"" IS NOT NULL AND ""total_points_over"" < 1.899999976158142 AND ""tot_vs_line"" IS NOT NULL AND ""tot_vs_line"" <= -112.908 AND ""rk_odds_ratio"" IS NOT NULL AND ""rk_odds_ratio"" >= 1.0867",MODE3_202748.xlsx
BAS_DRIFTED_0045,DRIFTED,Jobber,2.43,41.9,1.4,328,DRIFTED,backed-side price at arm,"final_winner (recorded settlement, never derived)",1.4,5,60,market_status · total_goals_market_active where present,3,lead_vs_line <= -160.315 AND open_gap <= 2.2797 AND pm_away >= 1.4,"""lead_vs_line"" IS NOT NULL AND ""lead_vs_line"" <= -160.315 AND ""open_gap"" IS NOT NULL AND ""open_gap"" <= 2.2797 AND ""pm_away"" IS NOT NULL AND ""pm_away"" >= 1.4",MODE3_202748.xlsx
BAS_prop:fresh_l_0183,prop:fresh_lead,Npc,1.584,64.2,1.3,369,prop:fresh_lead,backed-side price at arm,"final_winner (recorded settlement, never derived)",1.4,5,60,market_status · total_goals_market_active where present,2,lead_vs_med <= 1.0759 AND margin_range_300s <= 5.0,"""lead_vs_med"" IS NOT NULL AND ""lead_vs_med"" <= 1.0759 AND ""margin_range_300s"" IS NOT NULL AND ""margin_range_300s"" <= 5.0",MODE3_202748.xlsx
BAS_spread_dog_c_0178,spread_dog_cover,Jobber,2.065,49.2,1.3,350,spread_dog_cover,backed-side price at arm,"final_winner (recorded settlement, never derived)",1.4,5,60,market_status · total_goals_market_active where present,2,price_move_since_score <= 1.0 AND u_overround <= 1.1091,"""price_move_since_score"" IS NOT NULL AND ""price_move_since_score"" <= 1.0 AND ""u_overround"" IS NOT NULL AND ""u_overround"" <= 1.1091",MODE3_202748.xlsx
BAS_dog_leading_0146,dog_leading,Jobber,2.388,42.6,1.3,330,dog_leading,backed-side price at arm,"final_winner (recorded settlement, never derived)",1.4,5,60,market_status · total_goals_market_active where present,6,line_open >= 140.0 AND need_frac >= 0.4 AND open_vs_now_lead <= 0.9043 AND motif_0 <= 0.0 AND X_minute__minus__u_drought <= 26.2769 AND tg_overround <= 1.1172,"""line_open"" IS NOT NULL AND ""line_open"" >= 140.0 AND ""need_frac"" IS NOT NULL AND ""need_frac"" >= 0.4 AND ""open_vs_now_lead"" IS NOT NULL AND ""open_vs_now_lead"" <= 0.9043 AND ""motif_0"" IS NOT NULL AND ""motif_0"" <= 0.0 AND ""X_minute__minus__u_drought"" IS NOT NULL AND ""X_minute__minus__u_drought"" <= 26.2769 AND ""tg_overround"" IS NOT NULL AND ""tg_overround"" <= 1.1172",MODE3_202748.xlsx
BAS_prop:first_s_0094,prop:first_scorer_hold,Npc,1.586,64.8,1.2,321,prop:first_scorer_hold,backed-side price at arm,"final_winner (recorded settlement, never derived)",1.4,5,60,market_status · total_goals_market_active where present,4,prog_score <= 0.35 AND rk_fav_odds <= 1.75 AND leader_implied_gap >= -0.1701 AND tg_px_ratio <= 1.1098,"""prog_score"" IS NOT NULL AND ""prog_score"" <= 0.35 AND ""rk_fav_odds"" IS NOT NULL AND ""rk_fav_odds"" <= 1.75 AND ""leader_implied_gap"" IS NOT NULL AND ""leader_implied_gap"" >= -0.1701 AND ""tg_px_ratio"" IS NOT NULL AND ""tg_px_ratio"" <= 1.1098",MODE3_202748.xlsx
BAS_spec:TG_Hist_0016,spec:TG_Historical_vs_Handicap_Under,Vision,1.773,56.8,1.2,411,spec:TG_Historical_vs_Handicap_Under,backed-side price at arm,"final_winner (recorded settlement, never derived)",1.4,5,60,market_status · total_goals_market_active where present,5,time_at_this_price <= 28.2017 AND u_vf <= 0.8899 AND ld_rank >= 0.625 AND u_margin_abs >= 2.0 AND total_points_under <= 1.8388,"""time_at_this_price"" IS NOT NULL AND ""time_at_this_price"" <= 28.2017 AND ""u_vf"" IS NOT NULL AND ""u_vf"" <= 0.8899 AND ""ld_rank"" IS NOT NULL AND ""ld_rank"" >= 0.625 AND ""u_margin_abs"" IS NOT NULL AND ""u_margin_abs"" >= 2.0 AND ""total_points_under"" IS NOT NULL AND ""total_points_under"" <= 1.8388",MODE3_202748.xlsx
BAS_spec:HT_Unde_0042,spec:HT_Underdog_Fade,Jobber,2.478,41.6,1.2,278,spec:HT_Underdog_Fade,backed-side price at arm,"final_winner (recorded settlement, never derived)",1.4,5,60,market_status · total_goals_market_active where present,6,line_open >= 140.0 AND need_frac >= 0.4 AND prog_score <= 0.35 AND rk_odds_ratio <= 2.8601 AND margin_per_possession <= 0.0166 AND u_price_open >= 1.34,"""line_open"" IS NOT NULL AND ""line_open"" >= 140.0 AND ""need_frac"" IS NOT NULL AND ""need_frac"" >= 0.4 AND ""prog_score"" IS NOT NULL AND ""prog_score"" <= 0.35 AND ""rk_odds_ratio"" IS NOT NULL AND ""rk_odds_ratio"" <= 2.8601 AND ""margin_per_possession"" IS NOT NULL AND ""margin_per_possession"" <= 0.0166 AND ""u_price_open"" IS NOT NULL AND ""u_price_open"" >= 1.34",MODE3_202748.xlsx
BAS_dog_leading_0141,dog_leading,Vision,1.713,59.1,1.1,316,dog_leading,backed-side price at arm,"final_winner (recorded settlement, never derived)",1.4,5,60,market_status · total_goals_market_active where present,3,dog_odds_vol_180 <= 0.15546 AND price_gap >= 0.04 AND lead_changes_300s <= 2.0,"""dog_odds_vol_180"" IS NOT NULL AND ""dog_odds_vol_180"" <= 0.15546 AND ""price_gap"" IS NOT NULL AND ""price_gap"" >= 0.04 AND ""lead_changes_300s"" IS NOT NULL AND ""lead_changes_300s"" <= 2.0",MODE3_202748.xlsx
BAS_tg_under_0007,tg_under,Vision,1.775,56.5,1,314,tg_under,backed-side price at arm,"final_winner (recorded settlement, never derived)",1.4,5,60,market_status · total_goals_market_active where present,5,time_at_this_price <= 28.2017 AND u_vf <= 0.8899 AND ld_rank >= 0.625 AND is_big_lead >= 1.0 AND tg_imp_under >= 0.5462,"""time_at_this_price"" IS NOT NULL AND ""time_at_this_price"" <= 28.2017 AND ""u_vf"" IS NOT NULL AND ""u_vf"" <= 0.8899 AND ""ld_rank"" IS NOT NULL AND ""ld_rank"" >= 0.625 AND ""is_big_lead"" IS NOT NULL AND ""is_big_lead"" >= 1.0 AND ""tg_imp_under"" IS NOT NULL AND ""tg_imp_under"" >= 0.5462",MODE3_202748.xlsx
BAS_lead_ml_0080,lead_ml,Npc,1.633,62.6,0.9,339,lead_ml,backed-side price at arm,"final_winner (recorded settlement, never derived)",1.4,5,60,market_status · total_goals_market_active where present,3,dog_odds_vol_180 <= 0.15546 AND u_pace <= 58.0667 AND home_pace >= 2.0,"""dog_odds_vol_180"" IS NOT NULL AND ""dog_odds_vol_180"" <= 0.15546 AND ""u_pace"" IS NOT NULL AND ""u_pace"" <= 58.0667 AND ""home_pace"" IS NOT NULL AND ""home_pace"" >= 2.0",MODE3_202748.xlsx
BAS_tg_under_lag_0038,tg_under_lag,Vision,1.779,56.2,0.9,353,tg_under_lag,backed-side price at arm,"final_winner (recorded settlement, never derived)",1.4,5,60,market_status · total_goals_market_active where present,4,prog_score <= 0.35 AND u_ratio_open <= 3.0575 AND u_drought <= 1241.51 AND trailer_drift <= 1.0594,"""prog_score"" IS NOT NULL AND ""prog_score"" <= 0.35 AND ""u_ratio_open"" IS NOT NULL AND ""u_ratio_open"" <= 3.0575 AND ""u_drought"" IS NOT NULL AND ""u_drought"" <= 1241.51 AND ""trailer_drift"" IS NOT NULL AND ""trailer_drift"" <= 1.0594",MODE3_202748.xlsx
BAS_dog_leading_0150,dog_leading,Jobber,2.465,41,0.9,310,dog_leading,backed-side price at arm,"final_winner (recorded settlement, never derived)",1.4,5,60,market_status · total_goals_market_active where present,5,prog_score <= 0.35 AND lead_vs_line <= -151.823 AND opp_o <= 4.17 AND tg_overround <= 1.1237 AND time_left <= 0.8889,"""prog_score"" IS NOT NULL AND ""prog_score"" <= 0.35 AND ""lead_vs_line"" IS NOT NULL AND ""lead_vs_line"" <= -151.823 AND ""opp_o"" IS NOT NULL AND ""opp_o"" <= 4.17 AND ""tg_overround"" IS NOT NULL AND ""tg_overround"" <= 1.1237 AND ""time_left"" IS NOT NULL AND ""time_left"" <= 0.8889",MODE3_202748.xlsx
BAS_prop:first_s_0099,prop:first_scorer_hold,Npc,1.627,62.3,0.8,339,prop:first_scorer_hold,backed-side price at arm,"final_winner (recorded settlement, never derived)",1.4,5,60,market_status · total_goals_market_active where present,4,line_open >= 140.0 AND prog_score <= 0.35 AND h_score <= 16.1205 AND is_favorite >= 1.0,"""line_open"" IS NOT NULL AND ""line_open"" >= 140.0 AND ""prog_score"" IS NOT NULL AND ""prog_score"" <= 0.35 AND ""h_score"" IS NOT NULL AND ""h_score"" <= 16.1205 AND ""is_favorite"" IS NOT NULL AND ""is_favorite"" >= 1.0",MODE3_202748.xlsx
BAS_spec:Leader_0075,spec:Leader,Npc,1.61,63.4,0.8,330,spec:Leader,backed-side price at arm,"final_winner (recorded settlement, never derived)",1.4,5,60,market_status · total_goals_market_active where present,5,line_open >= 140.0 AND prog_score <= 0.35 AND rk_dog_odds >= 1.8392 AND X_u_elapsed__minus__u_time_in_lead <= 1.0763 AND total_points_handicap >= 150.4538,"""line_open"" IS NOT NULL AND ""line_open"" >= 140.0 AND ""prog_score"" IS NOT NULL AND ""prog_score"" <= 0.35 AND ""rk_dog_odds"" IS NOT NULL AND ""rk_dog_odds"" >= 1.8392 AND ""X_u_elapsed__minus__u_time_in_lead"" IS NOT NULL AND ""X_u_elapsed__minus__u_time_in_lead"" <= 1.0763 AND ""total_points_handicap"" IS NOT NULL AND ""total_points_handicap"" >= 150.4538",MODE3_202748.xlsx
BAS_prop:held_le_0172,prop:held_lead,Npc,1.552,65.1,0.7,368,prop:held_lead,backed-side price at arm,"final_winner (recorded settlement, never derived)",1.4,5,60,market_status · total_goals_market_active where present,3,line_open >= 140.0 AND loser_runmin >= 1.2769 AND overround_now <= 1.121,"""line_open"" IS NOT NULL AND ""line_open"" >= 140.0 AND ""loser_runmin"" IS NOT NULL AND ""loser_runmin"" >= 1.2769 AND ""overround_now"" IS NOT NULL AND ""overround_now"" <= 1.121",MODE3_202748.xlsx
BAS_late_lead_ho_0113,late_lead_hold,Npc,1.634,62.4,0.7,361,late_lead_hold,backed-side price at arm,"final_winner (recorded settlement, never derived)",1.4,5,60,market_status · total_goals_market_active where present,4,prog_score <= 0.35 AND lead_vs_line <= -151.823 AND opp_o <= 4.17 AND pace_last_300s_vs_line >= -171.0969,"""prog_score"" IS NOT NULL AND ""prog_score"" <= 0.35 AND ""lead_vs_line"" IS NOT NULL AND ""lead_vs_line"" <= -151.823 AND ""opp_o"" IS NOT NULL AND ""opp_o"" <= 4.17 AND ""pace_last_300s_vs_line"" IS NOT NULL AND ""pace_last_300s_vs_line"" >= -171.0969",MODE3_202748.xlsx
BAS_dog_leading_0149,dog_leading,Jobber,2.453,41.3,0.7,348,dog_leading,backed-side price at arm,"final_winner (recorded settlement, never derived)",1.4,5,60,market_status · total_goals_market_active where present,3,line_open >= 140.0 AND pace_last_300s_vs_line <= -115.005 AND tg_overround <= 1.1237,"""line_open"" IS NOT NULL AND ""line_open"" >= 140.0 AND ""pace_last_300s_vs_line"" IS NOT NULL AND ""pace_last_300s_vs_line"" <= -115.005 AND ""tg_overround"" IS NOT NULL AND ""tg_overround"" <= 1.1237",MODE3_202748.xlsx
BAS_prop:q4_clos_0129,prop:q4_close_trailer,Feeder,5.205,20.8,0.5,311,prop:q4_close_trailer,backed-side price at arm,"final_winner (recorded settlement, never derived)",1.4,5,60,market_status · total_goals_market_active where present,4,line_open >= 140.0 AND pm_away <= 2.92 AND rk_fav_odds >= 1.0142 AND lead_change_last_300s >= -5.0,"""line_open"" IS NOT NULL AND ""line_open"" >= 140.0 AND ""pm_away"" IS NOT NULL AND ""pm_away"" <= 2.92 AND ""rk_fav_odds"" IS NOT NULL AND ""rk_fav_odds"" >= 1.0142 AND ""lead_change_last_300s"" IS NOT NULL AND ""lead_change_last_300s"" >= -5.0",MODE3_202748.xlsx
BAS_prop:h1_lead_0175,prop:h1_leader_hold,Npc,1.568,64.2,0.4,369,prop:h1_leader_hold,backed-side price at arm,"final_winner (recorded settlement, never derived)",1.4,5,60,market_status · total_goals_market_active where present,4,line_open >= 140.0 AND rk_lead_off_high >= 0.2333 AND lead_m15 <= 1.0 AND X_point_spread_home__x__q1_lead >= 1.8237,"""line_open"" IS NOT NULL AND ""line_open"" >= 140.0 AND ""rk_lead_off_high"" IS NOT NULL AND ""rk_lead_off_high"" >= 0.2333 AND ""lead_m15"" IS NOT NULL AND ""lead_m15"" <= 1.0 AND ""X_point_spread_home__x__q1_lead"" IS NOT NULL AND ""X_point_spread_home__x__q1_lead"" >= 1.8237",MODE3_202748.xlsx
BAS_late_lead_ho_0106,late_lead_hold,Npc,1.607,62.7,0.4,335,late_lead_hold,backed-side price at arm,"final_winner (recorded settlement, never derived)",1.4,5,60,market_status · total_goals_market_active where present,5,line_open >= 140.0 AND prog_score <= 0.35 AND rk_dog_odds >= 1.8392 AND X_u_elapsed__minus__u_time_in_lead <= 1.0763 AND wall_min >= 131.5,"""line_open"" IS NOT NULL AND ""line_open"" >= 140.0 AND ""prog_score"" IS NOT NULL AND ""prog_score"" <= 0.35 AND ""rk_dog_odds"" IS NOT NULL AND ""rk_dog_odds"" >= 1.8392 AND ""X_u_elapsed__minus__u_time_in_lead"" IS NOT NULL AND ""X_u_elapsed__minus__u_time_in_lead"" <= 1.0763 AND ""wall_min"" IS NOT NULL AND ""wall_min"" >= 131.5",MODE3_202748.xlsx
BAS_tg_under_0066,tg_under,Vision,1.909,53,0.4,431,tg_under,backed-side price at arm,"final_winner (recorded settlement, never derived)",1.4,5,60,market_status · total_goals_market_active where present,4,total_points_under >= 1.75 AND pm_away <= 2.85 AND X_X_u_elapsed__minus__u_time_in_lead__minus__X_u_pace__over__u_time_in_lead <= -19.1179 AND dog_odds_vol_180 <= 0.653,"""total_points_under"" IS NOT NULL AND ""total_points_under"" >= 1.75 AND ""pm_away"" IS NOT NULL AND ""pm_away"" <= 2.85 AND ""X_X_u_elapsed__minus__u_time_in_lead__minus__X_u_pace__over__u_time_in_lead"" IS NOT NULL AND ""X_X_u_elapsed__minus__u_time_in_lead__minus__X_u_pace__over__u_time_in_lead"" <= -19.1179 AND ""dog_odds_vol_180"" IS NOT NULL AND ""dog_odds_vol_180"" <= 0.653",MODE3_202748.xlsx
BAS_prop:held_le_0171,prop:held_lead,Npc,1.561,64.8,0.3,315,prop:held_lead,backed-side price at arm,"final_winner (recorded settlement, never derived)",1.4,5,60,market_status · total_goals_market_active where present,5,line_open >= 140.0 AND pm_away <= 2.92 AND leader_runmax <= 3.66 AND lead_vs_med <= 1.175 AND line_flat >= 1.6026,"""line_open"" IS NOT NULL AND ""line_open"" >= 140.0 AND ""pm_away"" IS NOT NULL AND ""pm_away"" <= 2.92 AND ""leader_runmax"" IS NOT NULL AND ""leader_runmax"" <= 3.66 AND ""lead_vs_med"" IS NOT NULL AND ""lead_vs_med"" <= 1.175 AND ""line_flat"" IS NOT NULL AND ""line_flat"" >= 1.6026",MODE3_202748.xlsx
BAS_tg_under_lag_0131,tg_under_lag,Vision,1.919,52.7,0.3,293,tg_under_lag,backed-side price at arm,"final_winner (recorded settlement, never derived)",1.4,5,60,market_status · total_goals_market_active where present,3,dog_odds_vol_180 <= 0.15546 AND odds_ratio <= 1.209 AND spread_cover_now >= -4.4051,"""dog_odds_vol_180"" IS NOT NULL AND ""dog_odds_vol_180"" <= 0.15546 AND ""odds_ratio"" IS NOT NULL AND ""odds_ratio"" <= 1.209 AND ""spread_cover_now"" IS NOT NULL AND ""spread_cover_now"" >= -4.4051",MODE3_202748.xlsx
BAS_tg_under_lag_0137,tg_under_lag,Vision,1.926,52.4,0.3,306,tg_under_lag,backed-side price at arm,"final_winner (recorded settlement, never derived)",1.4,5,60,market_status · total_goals_market_active where present,5,prog_score <= 0.35 AND odds_ratio <= 1.2094 AND pts_last_60s <= 6.0 AND lead_m15 <= 1.0 AND eng_score_tied <= 0.0,"""prog_score"" IS NOT NULL AND ""prog_score"" <= 0.35 AND ""odds_ratio"" IS NOT NULL AND ""odds_ratio"" <= 1.2094 AND ""pts_last_60s"" IS NOT NULL AND ""pts_last_60s"" <= 6.0 AND ""lead_m15"" IS NOT NULL AND ""lead_m15"" <= 1.0 AND ""eng_score_tied"" IS NOT NULL AND ""eng_score_tied"" <= 0.0",MODE3_202748.xlsx
BAS_tg_under_lag_0133,tg_under_lag,Vision,1.91,52.5,0.2,347,tg_under_lag,backed-side price at arm,"final_winner (recorded settlement, never derived)",1.4,5,60,market_status · total_goals_market_active where present,4,pm_ratio <= 3.6843 AND imbal >= 0.0164 AND line_flat >= 0.8667 AND pts_last_60s <= 4.4615,"""pm_ratio"" IS NOT NULL AND ""pm_ratio"" <= 3.6843 AND ""imbal"" IS NOT NULL AND ""imbal"" >= 0.0164 AND ""line_flat"" IS NOT NULL AND ""line_flat"" >= 0.8667 AND ""pts_last_60s"" IS NOT NULL AND ""pts_last_60s"" <= 4.4615",MODE3_202748.xlsx
BAS_spec:Loser_1_0024,spec:Loser_1G,Ino,5.2,19.4,0.1,327,spec:Loser_1G,backed-side price at arm,"final_winner (recorded settlement, never derived)",1.4,5,60,market_status · total_goals_market_active where present,6,line_open >= 140.0 AND pm_away <= 2.92 AND leader_runmax <= 3.66 AND secs_since_run_started >= 0.0 AND fav_lead_m30 >= -1.0 AND u_trend <= -5.7851,"""line_open"" IS NOT NULL AND ""line_open"" >= 140.0 AND ""pm_away"" IS NOT NULL AND ""pm_away"" <= 2.92 AND ""leader_runmax"" IS NOT NULL AND ""leader_runmax"" <= 3.66 AND ""secs_since_run_started"" IS NOT NULL AND ""secs_since_run_started"" >= 0.0 AND ""fav_lead_m30"" IS NOT NULL AND ""fav_lead_m30"" >= -1.0 AND ""u_trend"" IS NOT NULL AND ""u_trend"" <= -5.7851",MODE3_202748.xlsx
