strategy,first_seen_in,novel,replicable,blocked_reason,base,tier,odds,oos_win,oos_roi,bets,backed,price_column,graded_against,min_odds_floor,hold_sec,window_sec,market_status_columns,reconciliation_gap,n_conditions,conditions
BAS_spec:HT_Unde_0017,COMBINA_1027.xlsx,False,True,,,Jobber,2.427,49.6,21.6,273,,backed-side price at arm,"final_winner (recorded settlement, never derived)",1.4,5,60,market_status · total_goals_market_active where present,1.22,3,lead_vs_line <= -160.315 AND open_gap <= 2.2797 AND ten_mins <= 23.4333
BAS_spec:Leader_0056,COMBINA_1027.xlsx,False,True,,spec:Leader,Npc,1.601,73.5,16.2,374,spec:Leader,backed-side price at arm,"final_winner (recorded settlement, never derived)",1.4,5,60,market_status · total_goals_market_active where present,-1.47,1,imbal >= 0.0139
BAS_late_lead_ho_0219,COMBINA_1027.xlsx,False,True,,late_lead_hold,Jobber,2.437,47,16.2,355,late_lead_hold,backed-side price at arm,"final_winner (recorded settlement, never derived)",1.4,5,60,market_status · total_goals_market_active where present,1.66,1,req_ratio >= 1.1619
BAS_late_lead_ho_0224,COMBINA_1027.xlsx,False,False,1 term(s) the engine cannot rebuild: tg_overround,late_lead_hold,Jobber,2.318,49.8,15.7,419,late_lead_hold,backed-side price at arm,"final_winner (recorded settlement, never derived)",1.4,5,60,market_status · total_goals_market_active where present,0.26,1,tg_overround <= 1.1237
BAS_prop:late_le_0246,COMBINA_1027.xlsx,False,True,,prop:late_lead_hold,Vision,2.353,50.9,15.3,323,prop:late_lead_hold,backed-side price at arm,"final_winner (recorded settlement, never derived)",1.4,5,60,market_status · total_goals_market_active where present,-4.47,1,tot_vs_line <= -76.8692
BAS_prop:late_le_0252,COMBINA_1027.xlsx,False,True,,prop:late_lead_hold,Vision,2.263,51.9,15,306,prop:late_lead_hold,backed-side price at arm,"final_winner (recorded settlement, never derived)",1.4,5,60,market_status · total_goals_market_active where present,-2.45,1,prematch_dog_odds <= 4.45
BAS_prop:late_le_0241,COMBINA_1027.xlsx,False,True,,prop:late_lead_hold,Vision,2.283,50,12.1,317,prop:late_lead_hold,backed-side price at arm,"final_winner (recorded settlement, never derived)",1.4,5,60,market_status · total_goals_market_active where present,-2.05,1,dog_odds_trend_60 >= -0.6769
LZ_V270_BASK_022,COMBINA_1027.xlsx,False,True,,,Npc,2.033,64.4,18.4,235,,backed-side price at arm,"final_winner (recorded settlement, never derived)",1.4,5,60,market_status · total_goals_market_active where present,-12.53,3,lead_vs_med >= 1.0267 AND lead_size >= 7 AND lead_odds >= 1.50
BAS_late_lead_ho_0220,COMBINA_1027.xlsx,False,True,,late_lead_hold,Jobber,2.431,47.8,17.3,290,late_lead_hold,backed-side price at arm,"final_winner (recorded settlement, never derived)",1.4,5,60,market_status · total_goals_market_active where present,1.1,1,req_ratio >= 1.2596
BAS_dog_leading_0156,COMBINA_1027.xlsx,False,True,,dog_leading,Jobber,2.433,46.4,15.6,301,dog_leading,backed-side price at arm,"final_winner (recorded settlement, never derived)",1.4,5,60,market_status · total_goals_market_active where present,2.71,1,req_ratio >= 1.2493
BAS_late_lead_ho_0225,COMBINA_1027.xlsx,False,True,,late_lead_hold,Jobber,2.47,46.2,12.1,316,late_lead_hold,backed-side price at arm,"final_winner (recorded settlement, never derived)",1.4,5,60,market_status · total_goals_market_active where present,-2.01,1,retrace_lo <= 0.1263
LZ_V270_BASK_015,COMBINA_1027.xlsx,False,True,,,Vision,2.193,57.5,11.8,346,,backed-side price at arm,"final_winner (recorded settlement, never derived)",1.4,5,60,market_status · total_goals_market_active where present,-14.3,3,lead_size >= 7 AND drift_ratio >= 0.6632 AND lead_odds >= 1.50
BAS_late_lead_ho_0226,COMBINA_1027.xlsx,False,False,1 term(s) the engine cannot rebuild: leader_implied_gap,late_lead_hold,Jobber,2.218,49.7,11.2,364,late_lead_hold,backed-side price at arm,"final_winner (recorded settlement, never derived)",1.4,5,60,market_status · total_goals_market_active where present,0.97,1,leader_implied_gap >= -0.4524
BAS_prop:shorten_0187,COMBINA_1027.xlsx,False,True,,prop:shortener_vs_open,Npc,1.649,67.1,10.2,295,prop:shortener_vs_open,backed-side price at arm,"final_winner (recorded settlement, never derived)",1.4,5,60,market_status · total_goals_market_active where present,-0.45,1,imbal >= 0.0217
BAS_dog_leading_0172,COMBINA_1027.xlsx,False,False,1 term(s) the engine cannot rebuild: tg_overround,dog_leading,Jobber,2.496,44.4,9.7,384,dog_leading,backed-side price at arm,"final_winner (recorded settlement, never derived)",1.4,5,60,market_status · total_goals_market_active where present,-1.12,1,tg_overround <= 1.1237
BAS_dog_leading_0164,COMBINA_1027.xlsx,False,False,1 term(s) the engine cannot rebuild: tg_overround,dog_leading,Jobber,2.341,47.5,9,344,dog_leading,backed-side price at arm,"final_winner (recorded settlement, never derived)",1.4,5,60,market_status · total_goals_market_active where present,-2.2,1,tg_overround <= 1.1169
BAS_prop:first_s_0035,COMBINA_1027.xlsx,False,False,1 term(s) the engine cannot rebuild: tg_overround,prop:first_scorer_hold,Jobber,2.277,48.6,8.9,305,prop:first_scorer_hold,backed-side price at arm,"final_winner (recorded settlement, never derived)",1.4,5,60,market_status · total_goals_market_active where present,-1.76,2,px_gap_ratio <= 1.5 AND tg_overround <= 1.1237
BAS_prop:first_s_0039,COMBINA_1027.xlsx,False,False,1 term(s) the engine cannot rebuild: pc_dc4196fb,prop:first_scorer_hold,Jobber,2.524,43.5,8.6,346,prop:first_scorer_hold,backed-side price at arm,"final_winner (recorded settlement, never derived)",1.4,5,60,market_status · total_goals_market_active where present,-1.19,1,pc_dc4196fb >= -4.0218
BAS_late_lead_ho_0228,COMBINA_1027.xlsx,False,True,,late_lead_hold,Jobber,2.388,44.8,8.4,349,late_lead_hold,backed-side price at arm,"final_winner (recorded settlement, never derived)",1.4,5,60,market_status · total_goals_market_active where present,1.42,1,u_drift <= 1.8124
BAS_dog_leading_0168,COMBINA_1027.xlsx,False,False,1 term(s) the engine cannot rebuild: tg_overround,dog_leading,Jobber,2.399,46.1,8.3,322,dog_leading,backed-side price at arm,"final_winner (recorded settlement, never derived)",1.4,5,60,market_status · total_goals_market_active where present,-2.29,2,tg_overround <= 1.1148 AND req_ratio >= 1.2386
BAS_prop:drifter_0006,COMBINA_1027.xlsx,False,False,1 term(s) the engine cannot rebuild: clean_sheet,prop:drifter_vs_open,Ino,5.405,19.6,8.3,294,prop:drifter_vs_open,backed-side price at arm,"final_winner (recorded settlement, never derived)",1.4,5,60,market_status · total_goals_market_active where present,2.36,3,X_minute__over__u_vol <= 2696.29 AND clean_sheet <= 0 AND lead_m15 <= 1
BAS_late_lead_ho_0091,COMBINA_1027.xlsx,False,True,,late_lead_hold,Npc,1.568,68.7,7.9,343,late_lead_hold,backed-side price at arm,"final_winner (recorded settlement, never derived)",1.4,5,60,market_status · total_goals_market_active where present,0.18,1,loser_runmax >= 1.8722
BAS_prop:first_s_0085,COMBINA_1027.xlsx,False,False,1 term(s) the engine cannot rebuild: pc_dc4196fb,prop:first_scorer_hold,Npc,1.606,67.8,7.8,370,prop:first_scorer_hold,backed-side price at arm,"final_winner (recorded settlement, never derived)",1.4,5,60,market_status · total_goals_market_active where present,-1.09,1,pc_dc4196fb >= -4.4701
BAS_spec:HT_Unde_0010,COMBINA_1027.xlsx,False,True,,spec:HT_Underdog_Fade,Jobber,2.671,40.9,7.2,344,spec:HT_Underdog_Fade,backed-side price at arm,"final_winner (recorded settlement, never derived)",1.4,5,60,market_status · total_goals_market_active where present,-2.04,1,tp_vel_n >= 0.0108
BAS_prop:first_s_0032,COMBINA_1027.xlsx,False,True,,prop:first_scorer_hold,Jobber,2.409,43.5,7.1,336,prop:first_scorer_hold,backed-side price at arm,"final_winner (recorded settlement, never derived)",1.4,5,60,market_status · total_goals_market_active where present,2.31,1,nchg_120 <= 1
BAS_dog_leading_0134,COMBINA_1027.xlsx,False,True,,dog_leading,Npc,1.709,62.6,7,331,dog_leading,backed-side price at arm,"final_winner (recorded settlement, never derived)",1.4,5,60,market_status · total_goals_market_active where present,0.02,1,fav_odds_trend_60 <= 0.2231
BAS_prop:first_s_0024,COMBINA_1027.xlsx,False,False,"2 term(s) the engine cannot rebuild: pc_f3e46219, tg_overround",prop:first_scorer_hold,Jobber,2.213,49.1,7,320,prop:first_scorer_hold,backed-side price at arm,"final_winner (recorded settlement, never derived)",1.4,5,60,market_status · total_goals_market_active where present,-1.66,3,tg_overround <= 1.1237 AND pc_f3e46219 >= -2.5774 AND leader_runmax >= 1.8456
BAS_prop:shorten_0188,COMBINA_1027.xlsx,False,False,1 term(s) the engine cannot rebuild: rk_dog_odds,prop:shortener_vs_open,Npc,1.654,64.9,6.9,300,prop:shortener_vs_open,backed-side price at arm,"final_winner (recorded settlement, never derived)",1.4,5,60,market_status · total_goals_market_active where present,-0.44,1,rk_dog_odds >= 1.84
BAS_prop:drifter_0007,COMBINA_1027.xlsx,False,True,,prop:drifter_vs_open,Feeder,5.137,21.2,6.8,344,prop:drifter_vs_open,backed-side price at arm,"final_winner (recorded settlement, never derived)",1.4,5,60,market_status · total_goals_market_active where present,-2.1,1,lead_vs_line <= -170.833
BAS_late_lead_ho_0088,COMBINA_1027.xlsx,False,False,1 term(s) the engine cannot rebuild: trailer_price,late_lead_hold,Npc,1.568,67.9,6.5,348,late_lead_hold,backed-side price at arm,"final_winner (recorded settlement, never derived)",1.4,5,60,market_status · total_goals_market_active where present,0.03,1,trailer_price >= 1.8518
BAS_q1_winner_0125,COMBINA_1027.xlsx,False,False,1 term(s) the engine cannot rebuild: rk_implied_edge,q1_winner,Npc,1.513,70.6,6.3,388,q1_winner,backed-side price at arm,"final_winner (recorded settlement, never derived)",1.4,5,60,market_status · total_goals_market_active where present,-0.52,1,rk_implied_edge >= 0.0536
BAS_late_lead_ho_0227,COMBINA_1027.xlsx,False,True,,late_lead_hold,Jobber,2.236,47.7,6.3,302,late_lead_hold,backed-side price at arm,"final_winner (recorded settlement, never derived)",1.4,5,60,market_status · total_goals_market_active where present,-0.36,1,u_vel_t >= -0.0412
BAS_dog_leading_0169,COMBINA_1027.xlsx,False,False,1 term(s) the engine cannot rebuild: tg_overround,dog_leading,Jobber,2.33,46.4,6.3,341,dog_leading,backed-side price at arm,"final_winner (recorded settlement, never derived)",1.4,5,60,market_status · total_goals_market_active where present,-1.81,2,tg_overround <= 1.1169 AND opp_drift <= 1.0436
BAS_prop:first_s_0036,COMBINA_1027.xlsx,False,True,,prop:first_scorer_hold,Jobber,2.411,44.1,6.3,306,prop:first_scorer_hold,backed-side price at arm,"final_winner (recorded settlement, never derived)",1.4,5,60,market_status · total_goals_market_active where present,-0.03,1,loser_runmax <= 2.42
BAS_q1_winner_0130,COMBINA_1027.xlsx,False,False,1 term(s) the engine cannot rebuild: pc_dc4196fb,q1_winner,Npc,1.493,71.3,6.2,302,q1_winner,backed-side price at arm,"final_winner (recorded settlement, never derived)",1.4,5,60,market_status · total_goals_market_active where present,-0.25,1,pc_dc4196fb >= -3.8392
BAS_spec:HT_Unde_0011,COMBINA_1027.xlsx,False,True,,spec:HT_Underdog_Fade,Jobber,2.585,41,6.2,347,spec:HT_Underdog_Fade,backed-side price at arm,"final_winner (recorded settlement, never derived)",1.4,5,60,market_status · total_goals_market_active where present,0.22,1,u_drift <= 1
BAS_late_lead_ho_0093,COMBINA_1027.xlsx,False,True,,late_lead_hold,Npc,1.614,66.1,6,341,late_lead_hold,backed-side price at arm,"final_winner (recorded settlement, never derived)",1.4,5,60,market_status · total_goals_market_active where present,-0.69,1,pm_away <= 2.77
BAS_late_lead_ho_0094,COMBINA_1027.xlsx,False,False,1 term(s) the engine cannot rebuild: pc_f3e46219,late_lead_hold,Npc,1.6,66.7,5.8,358,late_lead_hold,backed-side price at arm,"final_winner (recorded settlement, never derived)",1.4,5,60,market_status · total_goals_market_active where present,-0.92,2,u_velocity <= 0.04 AND pc_f3e46219 <= 2.261
BAS_late_lead_ho_0090,COMBINA_1027.xlsx,False,False,1 term(s) the engine cannot rebuild: lead_changes_total,late_lead_hold,Npc,1.611,66.3,5.8,352,late_lead_hold,backed-side price at arm,"final_winner (recorded settlement, never derived)",1.4,5,60,market_status · total_goals_market_active where present,-1.01,1,lead_changes_total <= 2
BAS_prop:garbage_0121,COMBINA_1027.xlsx,False,True,,prop:garbage_under,Npc,1.761,60,5.8,337,prop:garbage_under,backed-side price at arm,"final_winner (recorded settlement, never derived)",1.4,5,60,market_status · total_goals_market_active where present,0.14,1,motif_1 <= 0
BAS_q1_winner_0133,COMBINA_1027.xlsx,False,False,1 term(s) the engine cannot rebuild: rk_implied_edge,q1_winner,Npc,1.463,72,5.7,336,q1_winner,backed-side price at arm,"final_winner (recorded settlement, never derived)",1.4,5,60,market_status · total_goals_market_active where present,0.36,1,rk_implied_edge >= 0.1704
BAS_prop:match_s_0151,COMBINA_1027.xlsx,False,False,1 term(s) the engine cannot rebuild: spread_cover_now,prop:match_spread_cover,Vision,1.922,55.5,5.7,271,prop:match_spread_cover,backed-side price at arm,"final_winner (recorded settlement, never derived)",1.4,5,60,market_status · total_goals_market_active where present,-0.97,2,spread_cover_now <= 10.8231 AND price_rank_in_match >= 0.0186
BAS_dog_leading_0165,COMBINA_1027.xlsx,False,True,,dog_leading,Jobber,2.323,45,5.7,318,dog_leading,backed-side price at arm,"final_winner (recorded settlement, never derived)",1.4,5,60,market_status · total_goals_market_active where present,1.16,1,loser_runmin >= 1.28
BAS_tg_under_0045,COMBINA_1027.xlsx,False,True,,tg_under,Vision,1.908,55.6,5.6,367,tg_under,backed-side price at arm,"final_winner (recorded settlement, never derived)",1.4,5,60,market_status · total_goals_market_active where present,-0.48,1,X_X_u_elapsed__minus__u_time_in_lead__over__X_u_pace__over__u_time_in_lead <= 0.0224
BAS_spread_dog_c_0201,COMBINA_1027.xlsx,False,True,,spread_dog_cover,Vision,1.922,55,5.6,295,spread_dog_cover,backed-side price at arm,"final_winner (recorded settlement, never derived)",1.4,5,60,market_status · total_goals_market_active where present,-0.11,1,X_u_elapsed__x__u_time_in_lead >= 0.2114
BAS_lead_ml_0063,COMBINA_1027.xlsx,False,False,"2 term(s) the engine cannot rebuild: pc_c8103e63, rk_dog_odds",lead_ml,Npc,1.612,66.3,5.5,352,lead_ml,backed-side price at arm,"final_winner (recorded settlement, never derived)",1.4,5,60,market_status · total_goals_market_active where present,-1.38,2,rk_dog_odds >= 1.8351 AND pc_c8103e63 >= -1.2162
BAS_prop:late_le_0251,COMBINA_1027.xlsx,False,True,,prop:late_lead_hold,Jobber,2.33,46.9,5.3,338,prop:late_lead_hold,backed-side price at arm,"final_winner (recorded settlement, never derived)",1.4,5,60,market_status · total_goals_market_active where present,-3.98,1,retrace_lead <= 0.3623
BAS_prop:q4_clos_0253,COMBINA_1027.xlsx,False,True,,prop:q4_close_trailer,Feeder,3.897,27.1,5.3,331,prop:q4_close_trailer,backed-side price at arm,"final_winner (recorded settlement, never derived)",1.4,5,60,market_status · total_goals_market_active where present,-0.31,1,away_odds <= 4.0695
BAS_SHORTENED_0049,COMBINA_1027.xlsx,False,False,1 term(s) the engine cannot rebuild: trailer_price,SHORTENED,Npc,1.606,66,5.2,311,SHORTENED,backed-side price at arm,"final_winner (recorded settlement, never derived)",1.4,5,60,market_status · total_goals_market_active where present,-0.8,1,trailer_price >= 1.8315
BAS_prop:held_le_0230,COMBINA_1027.xlsx,False,False,1 term(s) the engine cannot rebuild: pc_428f55cf,prop:held_lead,Npc,1.534,69.3,5.1,331,prop:held_lead,backed-side price at arm,"final_winner (recorded settlement, never derived)",1.4,5,60,market_status · total_goals_market_active where present,-1.21,1,pc_428f55cf <= 2.3887
BAS_prop:fresh_l_0257,COMBINA_1027.xlsx,False,False,1 term(s) the engine cannot rebuild: margin_range_300s,prop:fresh_lead,Npc,1.589,66.5,4.9,353,prop:fresh_lead,backed-side price at arm,"final_winner (recorded settlement, never derived)",1.4,5,60,market_status · total_goals_market_active where present,-0.77,1,margin_range_300s <= 5
BAS_prop:shorten_0185,COMBINA_1027.xlsx,False,True,,prop:shortener_vs_open,Npc,1.65,63.4,4.9,347,prop:shortener_vs_open,backed-side price at arm,"final_winner (recorded settlement, never derived)",1.4,5,60,market_status · total_goals_market_active where present,0.29,1,dog_odds_vol_180 <= 0.367
BAS_prop:shorten_0189,COMBINA_1027.xlsx,False,False,1 term(s) the engine cannot rebuild: lead_vs_prematch_gap,prop:shortener_vs_open,Npc,1.654,63.5,4.9,321,prop:shortener_vs_open,backed-side price at arm,"final_winner (recorded settlement, never derived)",1.4,5,60,market_status · total_goals_market_active where present,-0.13,1,lead_vs_prematch_gap <= -0.0106
BAS_prop:first_s_0026,COMBINA_1027.xlsx,False,True,,prop:first_scorer_hold,Jobber,2.248,47.1,4.8,317,prop:first_scorer_hold,backed-side price at arm,"final_winner (recorded settlement, never derived)",1.4,5,60,market_status · total_goals_market_active where present,-1.08,1,price_gap <= 1.89
BAS_tg_under_lag_0123,COMBINA_1027.xlsx,False,True,,tg_under_lag,Vision,1.902,55.2,4.7,347,tg_under_lag,backed-side price at arm,"final_winner (recorded settlement, never derived)",1.4,5,60,market_status · total_goals_market_active where present,-0.29,1,line_vel <= 3
BAS_prop:first_s_0042,COMBINA_1027.xlsx,False,False,"2 term(s) the engine cannot rebuild: prog_period, rk_implied_edge",prop:first_scorer_hold,Jobber,2.265,46.4,4.7,323,prop:first_scorer_hold,backed-side price at arm,"final_winner (recorded settlement, never derived)",1.4,5,60,market_status · total_goals_market_active where present,-0.4,2,prog_period <= 0.3414 AND rk_implied_edge <= 0.4534
BAS_prop:first_s_0027,COMBINA_1027.xlsx,False,False,1 term(s) the engine cannot rebuild: prog_period,prop:first_scorer_hold,Jobber,2.351,43.7,4.6,323,prop:first_scorer_hold,backed-side price at arm,"final_winner (recorded settlement, never derived)",1.4,5,60,market_status · total_goals_market_active where present,1.86,1,prog_period <= 0.5091
BAS_prop:shorten_0192,COMBINA_1027.xlsx,False,True,,prop:shortener_vs_open,Npc,1.672,62.9,4.5,319,prop:shortener_vs_open,backed-side price at arm,"final_winner (recorded settlement, never derived)",1.4,5,60,market_status · total_goals_market_active where present,-0.67,2,lead_vs_med <= 0.941 AND ten_mins <= 16.5308
BAS_dog_leading_0160,COMBINA_1027.xlsx,False,False,1 term(s) the engine cannot rebuild: tg_overround,dog_leading,Jobber,2.443,43.7,4.5,337,dog_leading,backed-side price at arm,"final_winner (recorded settlement, never derived)",1.4,5,60,market_status · total_goals_market_active where present,-2.26,2,tg_overround <= 1.1175 AND req_ratio >= 1.195
BAS_lead_ml_0069,COMBINA_1027.xlsx,False,True,,lead_ml,Npc,1.587,66.5,4.4,396,lead_ml,backed-side price at arm,"final_winner (recorded settlement, never derived)",1.4,5,60,market_status · total_goals_market_active where present,-1.14,2,dp_lead_open <= 2.75 AND lead_m15 <= 1
BAS_prop:shorten_0183,COMBINA_1027.xlsx,False,True,,prop:shortener_vs_open,Npc,1.665,62.9,4.3,330,prop:shortener_vs_open,backed-side price at arm,"final_winner (recorded settlement, never derived)",1.4,5,60,market_status · total_goals_market_active where present,-0.43,1,X_minute__over__u_elapsed <= 43.0064
BAS_prop:late_le_0208,COMBINA_1027.xlsx,False,False,1 term(s) the engine cannot rebuild: leader_implied_gap,prop:late_lead_hold,Npc,1.604,64.6,4.1,357,prop:late_lead_hold,backed-side price at arm,"final_winner (recorded settlement, never derived)",1.4,5,60,market_status · total_goals_market_active where present,0.48,1,leader_implied_gap >= 0.0232
BAS_late_lead_ho_0089,COMBINA_1027.xlsx,False,True,,late_lead_hold,Npc,1.638,64.1,4.1,339,late_lead_hold,backed-side price at arm,"final_winner (recorded settlement, never derived)",1.4,5,60,market_status · total_goals_market_active where present,-0.9,1,X_minute__over__u_vol <= 353.579
BAS_late_lead_ho_0221,COMBINA_1027.xlsx,False,False,1 term(s) the engine cannot rebuild: tg_overround,late_lead_hold,Jobber,2.408,44.3,4.1,280,late_lead_hold,backed-side price at arm,"final_winner (recorded settlement, never derived)",1.4,5,60,market_status · total_goals_market_active where present,-2.57,2,tg_overround <= 1.1237 AND secs_since_quarter_start <= 41.6871
BAS_q1_winner_0128,COMBINA_1027.xlsx,False,False,1 term(s) the engine cannot rebuild: rk_implied_edge,q1_winner,Npc,1.481,70.3,4,341,q1_winner,backed-side price at arm,"final_winner (recorded settlement, never derived)",1.4,5,60,market_status · total_goals_market_active where present,-0.11,1,rk_implied_edge >= 0.107
BAS_spread_dog_c_0102,COMBINA_1027.xlsx,False,False,1 term(s) the engine cannot rebuild: price_move_since_score,spread_dog_cover,Vision,1.8,57.7,3.9,349,spread_dog_cover,backed-side price at arm,"final_winner (recorded settlement, never derived)",1.4,5,60,market_status · total_goals_market_active where present,0.04,1,price_move_since_score <= 1
BAS_spec:TG_Hist_0046,COMBINA_1027.xlsx,False,True,,spec:TG_Historical_vs_Handicap_Under,Vision,1.914,54.8,3.9,320,spec:TG_Historical_vs_Handicap_Under,backed-side price at arm,"final_winner (recorded settlement, never derived)",1.4,5,60,market_status · total_goals_market_active where present,-0.99,1,dog_odds_vol_180 <= 0.3005
BAS_prop:shorten_0212,COMBINA_1027.xlsx,False,False,1 term(s) the engine cannot rebuild: tg_px_ratio,prop:shortener_vs_open,Jobber,2.408,44.4,3.9,298,prop:shortener_vs_open,backed-side price at arm,"final_winner (recorded settlement, never derived)",1.4,5,60,market_status · total_goals_market_active where present,-3.02,1,tg_px_ratio <= 1.1543
BAS_prop:shorten_0190,COMBINA_1027.xlsx,False,True,,prop:shortener_vs_open,Npc,1.662,63.2,3.8,361,prop:shortener_vs_open,backed-side price at arm,"final_winner (recorded settlement, never derived)",1.4,5,60,market_status · total_goals_market_active where present,-1.24,1,u_vel_t <= 0
BAS_prop:garbage_0120,COMBINA_1027.xlsx,False,True,,prop:garbage_under,Vision,1.767,58.6,3.8,354,prop:garbage_under,backed-side price at arm,"final_winner (recorded settlement, never derived)",1.4,5,60,market_status · total_goals_market_active where present,0.25,1,pts_last_60s >= 1.5
BAS_prop:dog_lea_0179,COMBINA_1027.xlsx,False,False,1 term(s) the engine cannot rebuild: pc_aa16b0a5,prop:dog_leading_late,Jobber,2.204,47.1,3.8,289,prop:dog_leading_late,backed-side price at arm,"final_winner (recorded settlement, never derived)",1.4,5,60,market_status · total_goals_market_active where present,-0.01,2,pc_aa16b0a5 >= -0.2943 AND u_velocity <= 1.08
BAS_dog_leading_0171,COMBINA_1027.xlsx,False,False,1 term(s) the engine cannot rebuild: tg_overround,dog_leading,Jobber,2.474,43.4,3.8,318,dog_leading,backed-side price at arm,"final_winner (recorded settlement, never derived)",1.4,5,60,market_status · total_goals_market_active where present,-3.57,2,opp_drift <= 1.0492 AND tg_overround <= 1.1169
BAS_spec:HT_Unde_0110,COMBINA_1027.xlsx,False,True,,spec:HT_Underdog_Fade,Npc,1.734,60.1,3.7,348,spec:HT_Underdog_Fade,backed-side price at arm,"final_winner (recorded settlement, never derived)",1.4,5,60,market_status · total_goals_market_active where present,-0.51,1,lead_vs_med <= 1.1401
BAS_prop:first_s_0040,COMBINA_1027.xlsx,False,True,,prop:first_scorer_hold,Jobber,2.256,46,3.7,316,prop:first_scorer_hold,backed-side price at arm,"final_winner (recorded settlement, never derived)",1.4,5,60,market_status · total_goals_market_active where present,-0.08,2,loser_runmin >= 1.2769 AND u_jump <= 1.0976
BAS_tg_under_lag_0009,COMBINA_1027.xlsx,False,False,1 term(s) the engine cannot rebuild: pc_51f228a2,tg_under_lag,Vision,1.77,58.1,3.6,395,tg_under_lag,backed-side price at arm,"final_winner (recorded settlement, never derived)",1.4,5,60,market_status · total_goals_market_active where present,0.76,2,pc_51f228a2 <= 0.3508 AND price_rank_in_match >= 0.3333
BAS_prop:first_s_0038,COMBINA_1027.xlsx,False,False,1 term(s) the engine cannot rebuild: tg_px_ratio,prop:first_scorer_hold,Jobber,2.219,46.5,3.6,372,prop:first_scorer_hold,backed-side price at arm,"final_winner (recorded settlement, never derived)",1.4,5,60,market_status · total_goals_market_active where present,0.42,1,tg_px_ratio >= 1
BAS_dog_covering_0074,COMBINA_1027.xlsx,False,True,,dog_covering_late,Vision,1.8,57.5,3.5,341,dog_covering_late,backed-side price at arm,"final_winner (recorded settlement, never derived)",1.4,5,60,market_status · total_goals_market_active where present,0,1,u_ratio_open <= 2.8369
BAS_spread_dog_c_0105,COMBINA_1027.xlsx,False,False,1 term(s) the engine cannot rebuild: price_move_since_score,spread_dog_cover,Vision,1.8,57.4,3.4,308,spread_dog_cover,backed-side price at arm,"final_winner (recorded settlement, never derived)",1.4,5,60,market_status · total_goals_market_active where present,0.08,2,price_move_since_score <= 1 AND backed_pts_last_60s <= 3.8538
BAS_prop:first_s_0082,COMBINA_1027.xlsx,False,False,"2 term(s) the engine cannot rebuild: lead_changes_total, tg_imp_over",prop:first_scorer_hold,Npc,1.614,64.8,3.3,328,prop:first_scorer_hold,backed-side price at arm,"final_winner (recorded settlement, never derived)",1.4,5,60,market_status · total_goals_market_active where present,-1.29,2,tg_imp_over >= 0.5165 AND lead_changes_total <= 1
BAS_spec:Leader_0054,COMBINA_1027.xlsx,False,False,1 term(s) the engine cannot rebuild: trailer_price,spec:Leader,Npc,1.548,66.7,3.1,413,spec:Leader,backed-side price at arm,"final_winner (recorded settlement, never derived)",1.4,5,60,market_status · total_goals_market_active where present,-0.15,1,trailer_price >= 1.92
BAS_lead_ml_0060,COMBINA_1027.xlsx,False,True,,lead_ml,Npc,1.622,64.3,3.1,405,lead_ml,backed-side price at arm,"final_winner (recorded settlement, never derived)",1.4,5,60,market_status · total_goals_market_active where present,-1.19,1,dow >= 2
BAS_prop:first_s_0086,COMBINA_1027.xlsx,False,False,"2 term(s) the engine cannot rebuild: tg_imp_over, trailer_price",prop:first_scorer_hold,Npc,1.611,64.3,3.1,361,prop:first_scorer_hold,backed-side price at arm,"final_winner (recorded settlement, never derived)",1.4,5,60,market_status · total_goals_market_active where present,-0.49,2,trailer_price >= 1.84 AND tg_imp_over >= 0.5126
BAS_prop:shorten_0184,COMBINA_1027.xlsx,False,True,,prop:shortener_vs_open,Npc,1.648,63.3,3.1,342,prop:shortener_vs_open,backed-side price at arm,"final_winner (recorded settlement, never derived)",1.4,5,60,market_status · total_goals_market_active where present,-1.22,2,imbal >= 0.0164 AND line_flat >= 0.8667
BAS_prop:shorten_0191,COMBINA_1027.xlsx,False,False,1 term(s) the engine cannot rebuild: pc_7b8a13a5,prop:shortener_vs_open,Npc,1.68,61.6,3.1,329,prop:shortener_vs_open,backed-side price at arm,"final_winner (recorded settlement, never derived)",1.4,5,60,market_status · total_goals_market_active where present,-0.39,3,dog_odds_vol_180 >= 0.0469 AND price_gap <= 0.96 AND pc_7b8a13a5 <= 2.1294
BAS_dog_leading_0167,COMBINA_1027.xlsx,False,True,,dog_leading,Jobber,2.488,42.4,3.1,309,dog_leading,backed-side price at arm,"final_winner (recorded settlement, never derived)",1.4,5,60,market_status · total_goals_market_active where present,-2.39,1,X_minute__x__u_pace <= 324.3
BAS_lead_ml_0147,COMBINA_1027.xlsx,False,False,1 term(s) the engine cannot rebuild: tg_overround,lead_ml,Jobber,2.29,46.1,3,335,lead_ml,backed-side price at arm,"final_winner (recorded settlement, never derived)",1.4,5,60,market_status · total_goals_market_active where present,-2.57,2,tg_overround <= 1.1237 AND lead_m15 <= 0
BAS_lead_ml_0062,COMBINA_1027.xlsx,False,False,1 term(s) the engine cannot rebuild: trailer_price,lead_ml,Npc,1.533,67.2,2.9,339,lead_ml,backed-side price at arm,"final_winner (recorded settlement, never derived)",1.4,5,60,market_status · total_goals_market_active where present,-0.12,2,trailer_price >= 1.92 AND u_time_in_lead >= 0.0009
BAS_spread_dog_c_0256,COMBINA_1027.xlsx,False,False,1 term(s) the engine cannot rebuild: trailer_drift,spread_dog_cover,Npc,1.578,64.9,2.9,365,spread_dog_cover,backed-side price at arm,"final_winner (recorded settlement, never derived)",1.4,5,60,market_status · total_goals_market_active where present,0.49,1,trailer_drift <= 4.1282
BAS_prop:shorten_0200,COMBINA_1027.xlsx,False,False,1 term(s) the engine cannot rebuild: lead_vs_prematch_gap,prop:shortener_vs_open,Npc,1.648,62.8,2.9,291,prop:shortener_vs_open,backed-side price at arm,"final_winner (recorded settlement, never derived)",1.4,5,60,market_status · total_goals_market_active where present,-0.59,2,req_ratio >= 1.0985 AND lead_vs_prematch_gap <= -0.0126
BAS_dog_leading_0173,COMBINA_1027.xlsx,False,False,"2 term(s) the engine cannot rebuild: open_vs_now_lead, tg_overround",dog_leading,Jobber,2.368,44.5,2.9,366,dog_leading,backed-side price at arm,"final_winner (recorded settlement, never derived)",1.4,5,60,market_status · total_goals_market_active where present,-2.48,2,tg_overround <= 1.1169 AND open_vs_now_lead <= 0.73
BAS_prop:first_s_0080,COMBINA_1027.xlsx,False,False,1 term(s) the engine cannot rebuild: rk_dog_odds,prop:first_scorer_hold,Npc,1.588,64.9,2.8,355,prop:first_scorer_hold,backed-side price at arm,"final_winner (recorded settlement, never derived)",1.4,5,60,market_status · total_goals_market_active where present,-0.26,1,rk_dog_odds >= 1.85
BAS_lead_ml_0150,COMBINA_1027.xlsx,False,False,"2 term(s) the engine cannot rebuild: tg_overround, u_hazard",lead_ml,Jobber,2.245,46.6,2.8,353,lead_ml,backed-side price at arm,"final_winner (recorded settlement, never derived)",1.4,5,60,market_status · total_goals_market_active where present,-1.82,2,tg_overround <= 1.1236 AND u_hazard <= -0.1409
BAS_prop:shorten_0210,COMBINA_1027.xlsx,False,True,,prop:shortener_vs_open,Jobber,2.263,45.7,2.8,299,prop:shortener_vs_open,backed-side price at arm,"final_winner (recorded settlement, never derived)",1.4,5,60,market_status · total_goals_market_active where present,-0.62,1,u_jump >= 0.9449
BAS_prop:first_s_0081,COMBINA_1027.xlsx,False,False,"2 term(s) the engine cannot rebuild: lead_changes_300s, pc_dc4196fb",prop:first_scorer_hold,Npc,1.6,64.8,2.7,338,prop:first_scorer_hold,backed-side price at arm,"final_winner (recorded settlement, never derived)",1.4,5,60,market_status · total_goals_market_active where present,-0.98,2,pc_dc4196fb >= -4.4615 AND lead_changes_300s <= 2
BAS_late_lead_ho_0101,COMBINA_1027.xlsx,False,False,1 term(s) the engine cannot rebuild: pace_last_300s_vs_line,late_lead_hold,Npc,1.634,63.4,2.6,356,late_lead_hold,backed-side price at arm,"final_winner (recorded settlement, never derived)",1.4,5,60,market_status · total_goals_market_active where present,-1,2,tot_vs_line >= -167.5 AND pace_last_300s_vs_line <= -72.8785
BAS_prop:garbage_0122,COMBINA_1027.xlsx,False,False,1 term(s) the engine cannot rebuild: total_line_move,prop:garbage_under,Vision,1.765,58,2.5,357,prop:garbage_under,backed-side price at arm,"final_winner (recorded settlement, never derived)",1.4,5,60,market_status · total_goals_market_active where present,0.13,1,total_line_move >= -5.8769
BAS_prop:dog_lea_0181,COMBINA_1027.xlsx,False,True,,prop:dog_leading_late,Jobber,2.434,42.2,2.5,315,prop:dog_leading_late,backed-side price at arm,"final_winner (recorded settlement, never derived)",1.4,5,60,market_status · total_goals_market_active where present,-0.21,1,lead_vs_line <= -154.5
BAS_late_lead_ho_0098,COMBINA_1027.xlsx,False,True,,late_lead_hold,Npc,1.541,66.9,2.4,332,late_lead_hold,backed-side price at arm,"final_winner (recorded settlement, never derived)",1.4,5,60,market_status · total_goals_market_active where present,-0.69,2,price_gap >= 0.2 AND jump_loser >= 0.9075
BAS_prop:match_t_0004,COMBINA_1027.xlsx,False,False,"2 term(s) the engine cannot rebuild: abs_margin_per_remaining_s, pc_51f228a2",prop:match_total_pace,Vision,1.774,57.5,2.4,392,prop:match_total_pace,backed-side price at arm,"final_winner (recorded settlement, never derived)",1.4,5,60,market_status · total_goals_market_active where present,0.4,2,pc_51f228a2 <= 0.3534 AND abs_margin_per_remaining_s >= 0.0004
BAS_prop:first_s_0023,COMBINA_1027.xlsx,False,False,1 term(s) the engine cannot rebuild: tg_overround,prop:first_scorer_hold,Jobber,2.192,47.1,2.4,313,prop:first_scorer_hold,backed-side price at arm,"final_winner (recorded settlement, never derived)",1.4,5,60,market_status · total_goals_market_active where present,-0.84,2,tg_overround <= 1.1237 AND lead_poss >= 0.7268
BAS_dog_leading_0159,COMBINA_1027.xlsx,False,False,"2 term(s) the engine cannot rebuild: open_vs_now_lead, tg_overround",dog_leading,Jobber,2.373,43.2,2.3,339,dog_leading,backed-side price at arm,"final_winner (recorded settlement, never derived)",1.4,5,60,market_status · total_goals_market_active where present,-0.21,2,tg_overround <= 1.117 AND open_vs_now_lead <= 0.7331
BAS_spec:Leader_0051,COMBINA_1027.xlsx,False,False,1 term(s) the engine cannot rebuild: tg_imp_under,spec:Leader,Npc,1.628,63.2,2.2,396,spec:Leader,backed-side price at arm,"final_winner (recorded settlement, never derived)",1.4,5,60,market_status · total_goals_market_active where present,-0.69,1,tg_imp_under <= 0.578
BAS_late_lead_ho_0099,COMBINA_1027.xlsx,False,False,1 term(s) the engine cannot rebuild: pace_last_300s_vs_line,late_lead_hold,Npc,1.629,63.2,2.2,365,late_lead_hold,backed-side price at arm,"final_winner (recorded settlement, never derived)",1.4,5,60,market_status · total_goals_market_active where present,-0.75,1,pace_last_300s_vs_line <= -81.9154
BAS_dog_covering_0235,COMBINA_1027.xlsx,False,True,,dog_covering_late,Vision,1.832,55.8,2.2,321,dog_covering_late,backed-side price at arm,"final_winner (recorded settlement, never derived)",1.4,5,60,market_status · total_goals_market_active where present,-0.03,1,imp_away <= 0.7797
BAS_tg_under_lag_0008,COMBINA_1027.xlsx,False,True,,tg_under_lag,Vision,1.778,57.3,2.1,343,tg_under_lag,backed-side price at arm,"final_winner (recorded settlement, never derived)",1.4,5,60,market_status · total_goals_market_active where present,0.22,1,lead_vs_line >= -179.5
BAS_DRIFTED_0021,COMBINA_1027.xlsx,False,True,,DRIFTED,Jobber,2.446,41,2.1,347,DRIFTED,backed-side price at arm,"final_winner (recorded settlement, never derived)",1.4,5,60,market_status · total_goals_market_active where present,1.81,1,lead_age_s <= 176.862
BAS_late_lead_ho_0100,COMBINA_1027.xlsx,False,False,1 term(s) the engine cannot rebuild: u_hazard,late_lead_hold,Npc,1.628,63.3,2,337,late_lead_hold,backed-side price at arm,"final_winner (recorded settlement, never derived)",1.4,5,60,market_status · total_goals_market_active where present,-1.05,3,h_score <= 16.1205 AND u_hazard <= -0.1356 AND opp_velocity >= -0.0842
BAS_prop:shorten_0196,COMBINA_1027.xlsx,False,True,,prop:shortener_vs_open,Npc,1.683,61.3,2,339,prop:shortener_vs_open,backed-side price at arm,"final_winner (recorded settlement, never derived)",1.4,5,60,market_status · total_goals_market_active where present,-1.17,1,lead_jump <= 0.9519
BAS_spread_dog_c_0104,COMBINA_1027.xlsx,False,False,"2 term(s) the engine cannot rebuild: price_move_since_score, tg_overround",spread_dog_cover,Vision,1.8,56.6,2,366,spread_dog_cover,backed-side price at arm,"final_winner (recorded settlement, never derived)",1.4,5,60,market_status · total_goals_market_active where present,0.12,2,tg_overround <= 1.112 AND price_move_since_score <= 1
BAS_prop:first_s_0078,COMBINA_1027.xlsx,False,False,1 term(s) the engine cannot rebuild: leader_implied_gap,prop:first_scorer_hold,Npc,1.59,64.4,1.9,406,prop:first_scorer_hold,backed-side price at arm,"final_winner (recorded settlement, never derived)",1.4,5,60,market_status · total_goals_market_active where present,-0.5,1,leader_implied_gap >= 0.0204
BAS_prop:shorten_0198,COMBINA_1027.xlsx,False,False,1 term(s) the engine cannot rebuild: leader_implied_gap,prop:shortener_vs_open,Npc,1.624,63.3,1.9,325,prop:shortener_vs_open,backed-side price at arm,"final_winner (recorded settlement, never derived)",1.4,5,60,market_status · total_goals_market_active where present,-0.9,1,leader_implied_gap >= 0.0192
BAS_DRIFTED_0020,COMBINA_1027.xlsx,False,True,,DRIFTED,Jobber,2.46,41.5,1.9,335,DRIFTED,backed-side price at arm,"final_winner (recorded settlement, never derived)",1.4,5,60,market_status · total_goals_market_active where present,-0.19,1,point_spread_home >= 1.6895
BAS_prop:late_le_0205,COMBINA_1027.xlsx,False,True,,prop:late_lead_hold,Npc,1.614,63.3,1.8,341,prop:late_lead_hold,backed-side price at arm,"final_winner (recorded settlement, never derived)",1.4,5,60,market_status · total_goals_market_active where present,-0.37,1,prematch_dog_odds <= 2.9642
LZ_V270_BASK_016,COMBINA_1027.xlsx,False,True,,,Vision,1.787,58.5,1.8,489,,backed-side price at arm,"final_winner (recorded settlement, never derived)",1.4,5,60,market_status · total_goals_market_active where present,-2.74,3,lead_odds <= 2.25 AND lead_size >= 6 AND lead_odds >= 1.50
BAS_spec:HT_Unde_0111,COMBINA_1027.xlsx,False,False,1 term(s) the engine cannot rebuild: lead_changes_300s,spec:HT_Underdog_Fade,Vision,1.757,58.2,1.8,310,spec:HT_Underdog_Fade,backed-side price at arm,"final_winner (recorded settlement, never derived)",1.4,5,60,market_status · total_goals_market_active where present,-0.46,1,lead_changes_300s <= 1
BAS_prop:late_le_0242,COMBINA_1027.xlsx,False,True,,prop:late_lead_hold,Jobber,2.18,47.1,1.8,331,prop:late_lead_hold,backed-side price at arm,"final_winner (recorded settlement, never derived)",1.4,5,60,market_status · total_goals_market_active where present,-0.88,1,loser_runmin >= 1.168
BAS_dog_leading_0158,COMBINA_1027.xlsx,False,False,1 term(s) the engine cannot rebuild: tg_overround,dog_leading,Jobber,2.343,44.4,1.8,319,dog_leading,backed-side price at arm,"final_winner (recorded settlement, never derived)",1.4,5,60,market_status · total_goals_market_active where present,-2.23,2,tg_overround <= 1.1173 AND opp_drift <= 1.0811
BAS_SHORTENED_0072,COMBINA_1027.xlsx,False,False,1 term(s) the engine cannot rebuild: rk_fav_odds,SHORTENED,Jobber,2.431,42.1,1.8,357,SHORTENED,backed-side price at arm,"final_winner (recorded settlement, never derived)",1.4,5,60,market_status · total_goals_market_active where present,-0.55,2,rk_fav_odds >= 1.23 AND u_open >= 1.2538
BAS_prop:held_le_0232,COMBINA_1027.xlsx,False,False,1 term(s) the engine cannot rebuild: trailer_price,prop:held_lead,Npc,1.538,66.2,1.7,291,prop:held_lead,backed-side price at arm,"final_winner (recorded settlement, never derived)",1.4,5,60,market_status · total_goals_market_active where present,-0.12,2,trailer_price >= 1.84 AND lead_delta_last_120s >= -2.4923
BAS_lead_ml_0068,COMBINA_1027.xlsx,False,False,"2 term(s) the engine cannot rebuild: pace_vs_line_pct, trailer_price",lead_ml,Npc,1.548,66,1.6,403,lead_ml,backed-side price at arm,"final_winner (recorded settlement, never derived)",1.4,5,60,market_status · total_goals_market_active where present,-0.57,2,trailer_price >= 1.8471 AND pace_vs_line_pct >= -0.9852
BAS_tg_under_0002,COMBINA_1027.xlsx,False,True,,,Npc,1.686,61.5,1.6,813,,backed-side price at arm,"final_winner (recorded settlement, never derived)",1.4,5,60,market_status · total_goals_market_active where present,-2.09,2,X_a_score__over__home_odds >= 0 AND lead_m75 <= 1
LZ_V270_BASK_021,COMBINA_1027.xlsx,False,True,,,Vision,1.855,56.7,1.6,311,,backed-side price at arm,"final_winner (recorded settlement, never derived)",1.4,5,60,market_status · total_goals_market_active where present,-3.58,3,total_pts >= 122 AND runmin >= 1.129 AND lead_odds >= 1.50
BAS_tg_over_0022,COMBINA_1027.xlsx,False,True,,tg_over,Vision,1.945,52.5,1.6,274,tg_over,backed-side price at arm,"final_winner (recorded settlement, never derived)",1.4,5,60,market_status · total_goals_market_active where present,-0.51,2,total_points_handicap >= 135.5 AND opp_o >= 1.1423
BAS_prop:shorten_0195,COMBINA_1027.xlsx,False,True,,prop:shortener_vs_open,Npc,1.664,61.8,1.5,325,prop:shortener_vs_open,backed-side price at arm,"final_winner (recorded settlement, never derived)",1.4,5,60,market_status · total_goals_market_active where present,-1.34,1,lead_jump <= 0.9429
BAS_spec:HT_Unde_0112,COMBINA_1027.xlsx,False,False,"2 term(s) the engine cannot rebuild: rk_dog_odds, u_ratio_shift",spec:HT_Underdog_Fade,Vision,1.729,59.1,1.5,311,spec:HT_Underdog_Fade,backed-side price at arm,"final_winner (recorded settlement, never derived)",1.4,5,60,market_status · total_goals_market_active where present,-0.68,3,lead_vs_med <= 1.175 AND rk_dog_odds >= 1.83 AND u_ratio_shift >= 0.5724
BAS_late_lead_ho_0215,COMBINA_1027.xlsx,False,False,1 term(s) the engine cannot rebuild: home_pace,late_lead_hold,Jobber,2.32,43.7,1.5,303,late_lead_hold,backed-side price at arm,"final_winner (recorded settlement, never derived)",1.4,5,60,market_status · total_goals_market_active where present,0.12,1,home_pace <= 9
BAS_prop:held_le_0234,COMBINA_1027.xlsx,False,False,1 term(s) the engine cannot rebuild: pc_428f55cf,prop:held_lead,Npc,1.565,65.5,1.4,346,prop:held_lead,backed-side price at arm,"final_winner (recorded settlement, never derived)",1.4,5,60,market_status · total_goals_market_active where present,-1.11,1,pc_428f55cf <= 2.3973
BAS_spread_dog_c_0255,COMBINA_1027.xlsx,False,True,,spread_dog_cover,Npc,1.581,63.8,1.4,339,spread_dog_cover,backed-side price at arm,"final_winner (recorded settlement, never derived)",1.4,5,60,market_status · total_goals_market_active where present,0.53,1,proj_gap_n <= -0.0208
BAS_prop:first_s_0077,COMBINA_1027.xlsx,False,False,1 term(s) the engine cannot rebuild: rk_dog_odds,prop:first_scorer_hold,Npc,1.639,62,1.3,326,prop:first_scorer_hold,backed-side price at arm,"final_winner (recorded settlement, never derived)",1.4,5,60,market_status · total_goals_market_active where present,-0.32,2,rk_dog_odds >= 1.8392 AND X_u_elapsed__minus__u_time_in_lead <= 1.0763
BAS_tg_under_0043,COMBINA_1027.xlsx,False,True,,tg_under,Vision,1.908,53.4,1.3,414,tg_under,backed-side price at arm,"final_winner (recorded settlement, never derived)",1.4,5,60,market_status · total_goals_market_active where present,-0.59,1,dog_odds_vol_180 <= 0.8196
BAS_prop:fresh_l_0261,COMBINA_1027.xlsx,False,False,1 term(s) the engine cannot rebuild: leader_drift,prop:fresh_lead,Jobber,2.282,45.2,1.3,378,prop:fresh_lead,backed-side price at arm,"final_winner (recorded settlement, never derived)",1.4,5,60,market_status · total_goals_market_active where present,-1.85,1,leader_drift >= 0.8495
BAS_SHORTENED_0070,COMBINA_1027.xlsx,False,True,,SHORTENED,Jobber,2.559,40.4,1.3,399,SHORTENED,backed-side price at arm,"final_winner (recorded settlement, never derived)",1.4,5,60,market_status · total_goals_market_active where present,-2.08,1,u_ratio_open <= 3.0305
BAS_spec:HT_Unde_0115,COMBINA_1027.xlsx,False,False,1 term(s) the engine cannot rebuild: lead_changes_300s,spec:HT_Underdog_Fade,Vision,1.716,59,1.2,338,spec:HT_Underdog_Fade,backed-side price at arm,"final_winner (recorded settlement, never derived)",1.4,5,60,market_status · total_goals_market_active where present,-0.04,2,imbal >= 0.0217 AND lead_changes_300s <= 1
BAS_spec:HT_Unde_0114,COMBINA_1027.xlsx,False,False,1 term(s) the engine cannot rebuild: pc_7b8a13a5,spec:HT_Underdog_Fade,Vision,1.735,58.3,1.2,370,spec:HT_Underdog_Fade,backed-side price at arm,"final_winner (recorded settlement, never derived)",1.4,5,60,market_status · total_goals_market_active where present,0.05,1,pc_7b8a13a5 <= 2.0842
BAS_dog_leading_0135,COMBINA_1027.xlsx,False,False,1 term(s) the engine cannot rebuild: lead_changes_300s,dog_leading,Vision,1.713,59.1,1.1,316,dog_leading,backed-side price at arm,"final_winner (recorded settlement, never derived)",1.4,5,60,market_status · total_goals_market_active where present,-0.14,2,price_gap >= 0.04 AND lead_changes_300s <= 2
BAS_pm_underdog_0116,COMBINA_1027.xlsx,False,False,1 term(s) the engine cannot rebuild: rk_dog_odds,pm_underdog,Vision,1.74,58.3,1.1,325,pm_underdog,backed-side price at arm,"final_winner (recorded settlement, never derived)",1.4,5,60,market_status · total_goals_market_active where present,-0.34,1,rk_dog_odds >= 1.83
BAS_late_lead_ho_0092,COMBINA_1027.xlsx,False,False,1 term(s) the engine cannot rebuild: u_price,late_lead_hold,Npc,1.548,65.9,1,351,late_lead_hold,backed-side price at arm,"final_winner (recorded settlement, never derived)",1.4,5,60,market_status · total_goals_market_active where present,-1.01,1,u_price <= 1.7584
BAS_spec:Leader_0057,COMBINA_1027.xlsx,False,True,,spec:Leader,Npc,1.609,63.6,1,354,spec:Leader,backed-side price at arm,"final_winner (recorded settlement, never derived)",1.4,5,60,market_status · total_goals_market_active where present,-1.33,2,dow >= 2 AND ten_mins >= 0.6949
BAS_late_lead_ho_0222,COMBINA_1027.xlsx,False,False,1 term(s) the engine cannot rebuild: trailer_price,late_lead_hold,Jobber,2.227,44.8,1,335,late_lead_hold,backed-side price at arm,"final_winner (recorded settlement, never derived)",1.4,5,60,market_status · total_goals_market_active where present,1.23,1,trailer_price >= 1.34
BAS_tg_under_lag_0124,COMBINA_1027.xlsx,False,True,,tg_under_lag,Vision,1.904,53.2,0.9,439,tg_under_lag,backed-side price at arm,"final_winner (recorded settlement, never derived)",1.4,5,60,market_status · total_goals_market_active where present,-0.39,1,opp_pts_last_60s <= 3
BAS_prop:dog_lea_0174,COMBINA_1027.xlsx,False,True,,prop:dog_leading_late,Jobber,2.285,44.4,0.8,329,prop:dog_leading_late,backed-side price at arm,"final_winner (recorded settlement, never derived)",1.4,5,60,market_status · total_goals_market_active where present,-0.65,1,u_jump <= 1.0162
BAS_tg_under_0044,COMBINA_1027.xlsx,False,True,,tg_under,Vision,1.912,52.8,0.7,370,tg_under,backed-side price at arm,"final_winner (recorded settlement, never derived)",1.4,5,60,market_status · total_goals_market_active where present,-0.25,1,lead_m15 <= 1
BAS_prop:garbage_0057,COMBINA_1027.xlsx,False,True,,,Npc,1.701,60.7,0.6,848,,backed-side price at arm,"final_winner (recorded settlement, never derived)",1.4,5,60,market_status · total_goals_market_active where present,-2.65,1,odds_ratio >= 0.0833
BAS_prop:first_s_0083,COMBINA_1027.xlsx,False,False,1 term(s) the engine cannot rebuild: pc_dc4196fb,prop:first_scorer_hold,Npc,1.597,63.5,0.6,342,prop:first_scorer_hold,backed-side price at arm,"final_winner (recorded settlement, never derived)",1.4,5,60,market_status · total_goals_market_active where present,-0.81,1,pc_dc4196fb >= -4.315
BAS_spec:Leader_0055,COMBINA_1027.xlsx,False,False,1 term(s) the engine cannot rebuild: scoring_rate,spec:Leader,Npc,1.602,63.8,0.6,328,spec:Leader,backed-side price at arm,"final_winner (recorded settlement, never derived)",1.4,5,60,market_status · total_goals_market_active where present,-1.61,2,scoring_rate >= 1.8663 AND imbal >= 0.0161
BAS_late_lead_ho_0096,COMBINA_1027.xlsx,False,True,,late_lead_hold,Npc,1.66,61.1,0.6,298,late_lead_hold,backed-side price at arm,"final_winner (recorded settlement, never derived)",1.4,5,60,market_status · total_goals_market_active where present,-0.83,3,u_vel_t <= -0.0054 AND wall_min <= 171.805 AND lead_m15 <= 1
BAS_prop:dog_lea_0180,COMBINA_1027.xlsx,False,True,,prop:dog_leading_late,Jobber,2.349,43.7,0.6,352,prop:dog_leading_late,backed-side price at arm,"final_winner (recorded settlement, never derived)",1.4,5,60,market_status · total_goals_market_active where present,-2.05,1,u_overround <= 1.1109
BAS_prop:dog_lea_0177,COMBINA_1027.xlsx,False,False,1 term(s) the engine cannot rebuild: rk_lead_off_high,prop:dog_leading_late,Jobber,2.365,43.2,0.6,303,prop:dog_leading_late,backed-side price at arm,"final_winner (recorded settlement, never derived)",1.4,5,60,market_status · total_goals_market_active where present,-1.57,2,rk_lead_off_high >= 0.2333 AND lead_m15 <= 1
BAS_lead_ml_0146,COMBINA_1027.xlsx,False,False,"2 term(s) the engine cannot rebuild: lead_changes_total, tg_overround",lead_ml,Jobber,2.382,41.8,0.6,301,lead_ml,backed-side price at arm,"final_winner (recorded settlement, never derived)",1.4,5,60,market_status · total_goals_market_active where present,1.03,2,tg_overround <= 1.123 AND lead_changes_total <= 2
BAS_pm_underdog_0019,COMBINA_1027.xlsx,False,False,1 term(s) the engine cannot rebuild: needed_rate_for_over,pm_underdog,Jobber,2.574,39.6,0.6,326,pm_underdog,backed-side price at arm,"final_winner (recorded settlement, never derived)",1.4,5,60,market_status · total_goals_market_active where present,-1.33,1,needed_rate_for_over >= 2.8864
BAS_prop:first_s_0079,COMBINA_1027.xlsx,False,False,1 term(s) the engine cannot rebuild: rk_dog_odds,prop:first_scorer_hold,Npc,1.606,63.3,0.5,455,prop:first_scorer_hold,backed-side price at arm,"final_winner (recorded settlement, never derived)",1.4,5,60,market_status · total_goals_market_active where present,-1.16,1,rk_dog_odds >= 1.84
BAS_lead_ml_0061,COMBINA_1027.xlsx,False,False,"2 term(s) the engine cannot rebuild: margin_per_implied, u_hazard",lead_ml,Npc,1.62,62.3,0.5,364,lead_ml,backed-side price at arm,"final_winner (recorded settlement, never derived)",1.4,5,60,market_status · total_goals_market_active where present,-0.43,2,u_hazard <= -0.1381 AND margin_per_implied >= 1.48
BAS_late_lead_ho_0095,COMBINA_1027.xlsx,False,True,,late_lead_hold,Npc,1.652,61.6,0.5,316,late_lead_hold,backed-side price at arm,"final_winner (recorded settlement, never derived)",1.4,5,60,market_status · total_goals_market_active where present,-1.26,3,u_vel_t <= -0.0052 AND lead_m15 <= 1 AND total_points_over <= 1.93
BAS_spec:TG_Hist_0003,COMBINA_1027.xlsx,False,False,"3 term(s) the engine cannot rebuild: margin_per_implied, needed_rate_for_over, tg_overround",spec:TG_Historical_vs_Handicap_Under,Vision,1.78,56.2,0.5,369,spec:TG_Historical_vs_Handicap_Under,backed-side price at arm,"final_winner (recorded settlement, never derived)",1.4,5,60,market_status · total_goals_market_active where present,0.46,3,needed_rate_for_over <= 3.716 AND tg_overround >= 1.0873 AND margin_per_implied >= 2.2315
LZ_V270_BASK_008,COMBINA_1027.xlsx,False,True,,,Jobber,2.642,48.8,0.5,806,,backed-side price at arm,"final_winner (recorded settlement, never derived)",1.4,5,60,market_status · total_goals_market_active where present,-28.43,3,prog >= 0.3672 AND lead_size >= 4 AND lead_odds >= 1.50
BAS_prop:dog_lea_0178,COMBINA_1027.xlsx,False,False,1 term(s) the engine cannot rebuild: tg_overround,prop:dog_leading_late,Jobber,2.28,45.5,0.5,359,prop:dog_leading_late,backed-side price at arm,"final_winner (recorded settlement, never derived)",1.4,5,60,market_status · total_goals_market_active where present,-3.24,1,tg_overround <= 1.1149
BAS_prop:late_le_0204,COMBINA_1027.xlsx,False,False,1 term(s) the engine cannot rebuild: rk_fav_odds,prop:late_lead_hold,Npc,1.592,63.5,0.4,319,prop:late_lead_hold,backed-side price at arm,"final_winner (recorded settlement, never derived)",1.4,5,60,market_status · total_goals_market_active where present,-0.69,2,rk_fav_odds <= 1.75 AND margin_rate <= 6.6917
BAS_prop:late_le_0203,COMBINA_1027.xlsx,False,False,1 term(s) the engine cannot rebuild: margin_range_300s,prop:late_lead_hold,Vision,1.683,59.6,0.4,300,prop:late_lead_hold,backed-side price at arm,"final_winner (recorded settlement, never derived)",1.4,5,60,market_status · total_goals_market_active where present,0.09,2,margin_range_300s >= 4 AND home_odds >= 1.58
BAS_spread_dog_c_0106,COMBINA_1027.xlsx,False,False,1 term(s) the engine cannot rebuild: price_move_since_score,spread_dog_cover,Vision,1.8,55.8,0.4,307,spread_dog_cover,backed-side price at arm,"final_winner (recorded settlement, never derived)",1.4,5,60,market_status · total_goals_market_active where present,-0.04,3,price_move_since_score <= 1 AND pts_last_60s <= 5 AND u_ratio_open >= 0.1537
BAS_spread_dog_c_0236,COMBINA_1027.xlsx,False,True,,spread_dog_cover,Vision,1.832,54.8,0.4,316,spread_dog_cover,backed-side price at arm,"final_winner (recorded settlement, never derived)",1.4,5,60,market_status · total_goals_market_active where present,0.01,1,u_ratio_open <= 3.0613
BAS_prop:dog_lea_0143,COMBINA_1027.xlsx,False,True,,prop:dog_leading_late,Vision,1.684,59.8,0.3,390,prop:dog_leading_late,backed-side price at arm,"final_winner (recorded settlement, never derived)",1.4,5,60,market_status · total_goals_market_active where present,-0.4,1,price_gap >= 0.06
BAS_spec:HT_Unde_0113,COMBINA_1027.xlsx,False,True,,spec:HT_Underdog_Fade,Vision,1.761,57,0.3,305,spec:HT_Underdog_Fade,backed-side price at arm,"final_winner (recorded settlement, never derived)",1.4,5,60,market_status · total_goals_market_active where present,-0.08,1,h_score <= 25.3513
BAS_spec:TG_Hist_0002,COMBINA_1027.xlsx,False,True,,spec:TG_Historical_vs_Handicap_Under,Vision,1.774,56.1,0.3,371,spec:TG_Historical_vs_Handicap_Under,backed-side price at arm,"final_winner (recorded settlement, never derived)",1.4,5,60,market_status · total_goals_market_active where present,0.78,1,lead_vs_line >= -178.5
BAS_spread_dog_c_0109,COMBINA_1027.xlsx,False,True,,spread_dog_cover,Vision,1.8,55.7,0.2,333,spread_dog_cover,backed-side price at arm,"final_winner (recorded settlement, never derived)",1.4,5,60,market_status · total_goals_market_active where present,-0.06,1,X_u_elapsed__minus__u_time_in_lead >= 0.0019
BAS_prop:dog_lea_0176,COMBINA_1027.xlsx,False,True,,prop:dog_leading_late,Jobber,2.255,44.7,0.2,384,prop:dog_leading_late,backed-side price at arm,"final_winner (recorded settlement, never derived)",1.4,5,60,market_status · total_goals_market_active where present,-0.6,1,line_flat >= 2
BAS_prop:fresh_l_0260,COMBINA_1027.xlsx,False,True,,prop:fresh_lead,Jobber,2.284,44.1,0.2,336,prop:fresh_lead,backed-side price at arm,"final_winner (recorded settlement, never derived)",1.4,5,60,market_status · total_goals_market_active where present,-0.52,1,lead_m30 <= 0
BAS_prop:first_s_0254,COMBINA_1027.xlsx,False,True,,prop:first_scorer_hold,Feeder,3.945,25.4,0.2,290,prop:first_scorer_hold,backed-side price at arm,"final_winner (recorded settlement, never derived)",1.4,5,60,market_status · total_goals_market_active where present,0,2,lead_margin_m30 <= 3 AND point_spread_home >= 1.6575
BAS_spec:Leader_0052,COMBINA_1027.xlsx,False,True,,spec:Leader,Npc,1.652,61.1,0.1,389,spec:Leader,backed-side price at arm,"final_winner (recorded settlement, never derived)",1.4,5,60,market_status · total_goals_market_active where present,-0.84,1,u_pace <= 58.0667
BAS_prop:first_s_0076,COMBINA_1027.xlsx,False,False,1 term(s) the engine cannot rebuild: tg_imp_under,prop:first_scorer_hold,Npc,1.639,61.4,0.1,341,prop:first_scorer_hold,backed-side price at arm,"final_winner (recorded settlement, never derived)",1.4,5,60,market_status · total_goals_market_active where present,-0.53,1,tg_imp_under <= 0.578
BAS_prop:first_s_0049,MODE3_202748.xlsx,True,False,"2 term(s) the engine cannot rebuild: tg_imp_over, tg_overround",prop:first_scorer_hold,Vision,2.23,52.2,14.1,321,prop:first_scorer_hold,backed-side price at arm,"final_winner (recorded settlement, never derived)",1.4,5,60,market_status · total_goals_market_active where present,-2.31,6,prog_score <= 0.35 AND line_move <= 4.0 AND price_gap <= 1.89 AND X_minute__minus__u_drought <= 27.3487 AND tg_overround <= 1.1237 AND tg_imp_over <= 0.605
BAS_prop:drifter_0027,MODE3_202748.xlsx,True,True,,prop:drifter_vs_open,Feeder,5.096,21.8,17.5,300,prop:drifter_vs_open,backed-side price at arm,"final_winner (recorded settlement, never derived)",1.4,5,60,market_status · total_goals_market_active where present,6.41,4,time_at_this_price <= 28.2017 AND lead_vs_line <= -170.833 AND X_home_odds__x__point_spread_away <= 10.82 AND u_vol >= 0.0119
BAS_spread_dog_c_0156,MODE3_202748.xlsx,True,True,,spread_dog_cover,Vision,1.926,58.5,12.5,306,spread_dog_cover,backed-side price at arm,"final_winner (recorded settlement, never derived)",1.4,5,60,market_status · total_goals_market_active where present,-0.17,4,line_open >= 140.0 AND need_frac >= 0.4 AND price_gap >= 0.06 AND dog_odds_vol_180 <= 0.2508
BAS_late_lead_ho_0169,MODE3_202748.xlsx,True,False,"2 term(s) the engine cannot rebuild: open_vs_now_lead, tg_overround",late_lead_hold,Jobber,2.374,46.9,11.3,301,late_lead_hold,backed-side price at arm,"final_winner (recorded settlement, never derived)",1.4,5,60,market_status · total_goals_market_active where present,-0.04,6,line_open >= 140.0 AND need_frac >= 0.4 AND open_vs_now_lead <= 0.9043 AND motif_0 <= 0.0 AND X_minute__minus__u_drought <= 26.2769 AND tg_overround <= 1.1237
BAS_prop:first_s_0062,MODE3_202748.xlsx,True,False,1 term(s) the engine cannot rebuild: tg_overround,prop:first_scorer_hold,Jobber,2.36,48.4,11.1,320,prop:first_scorer_hold,backed-side price at arm,"final_winner (recorded settlement, never derived)",1.4,5,60,market_status · total_goals_market_active where present,-3.12,5,prog_score <= 0.35 AND line_move <= 4.0 AND lead_vs_line <= -143.0 AND u_ratio_open <= 2.9167 AND tg_overround <= 1.1237
BAS_tg_under_0005,MODE3_202748.xlsx,True,False,1 term(s) the engine cannot rebuild: is_trailer,tg_under,Npc,1.778,61.9,10.6,303,tg_under,backed-side price at arm,"final_winner (recorded settlement, never derived)",1.4,5,60,market_status · total_goals_market_active where present,0.54,3,prog_q >= 0.5 AND u_open >= 1.2 AND is_trailer <= 0.8231
BAS_late_lead_ho_0110,MODE3_202748.xlsx,True,False,"2 term(s) the engine cannot rebuild: lead_changes_300s, trailer_price",late_lead_hold,Npc,1.571,70.6,10.5,335,late_lead_hold,backed-side price at arm,"final_winner (recorded settlement, never derived)",1.4,5,60,market_status · total_goals_market_active where present,-0.41,6,prog_score <= 0.35 AND line_move <= 4.0 AND odds_ratio <= 1.227 AND trailer_price >= 1.8518 AND total_points_over <= 1.9442 AND lead_changes_300s <= 1.0
BAS_prop:late_le_0181,MODE3_202748.xlsx,True,True,,prop:late_lead_hold,Jobber,2.238,49.7,10.5,332,prop:late_lead_hold,backed-side price at arm,"final_winner (recorded settlement, never derived)",1.4,5,60,market_status · total_goals_market_active where present,-0.73,3,lead_size >= 3.0 AND u_ratio_open <= 2.8107 AND open_gap <= 3.55
BAS_prop:first_s_0056,MODE3_202748.xlsx,True,False,1 term(s) the engine cannot rebuild: tg_overround,prop:first_scorer_hold,Jobber,2.254,49.3,8.5,286,prop:first_scorer_hold,backed-side price at arm,"final_winner (recorded settlement, never derived)",1.4,5,60,market_status · total_goals_market_active where present,-2.62,5,prog_score <= 0.35 AND line_move <= 4.0 AND price_gap <= 1.89 AND opp_drift <= 1.0811 AND tg_overround <= 1.1237
BAS_lead_ml_0081,MODE3_202748.xlsx,True,False,"2 term(s) the engine cannot rebuild: pc_f3e46219, trailer_price",lead_ml,Npc,1.528,70.4,8.2,350,lead_ml,backed-side price at arm,"final_winner (recorded settlement, never derived)",1.4,5,60,market_status · total_goals_market_active where present,0.63,4,prog_score <= 0.35 AND line_move <= 4.0 AND trailer_price >= 1.92 AND pc_f3e46219 <= 2.3868
BAS_prop:first_s_0060,MODE3_202748.xlsx,True,False,1 term(s) the engine cannot rebuild: tg_overround,prop:first_scorer_hold,Jobber,2.336,47.1,8,298,prop:first_scorer_hold,backed-side price at arm,"final_winner (recorded settlement, never derived)",1.4,5,60,market_status · total_goals_market_active where present,-2.03,4,prog_score <= 0.35 AND lead_vs_line <= -150.5 AND u_ratio_open <= 2.5724 AND tg_overround <= 1.1237
BAS_spread_dog_c_0154,MODE3_202748.xlsx,True,True,,spread_dog_cover,Vision,1.925,56,7.7,297,spread_dog_cover,backed-side price at arm,"final_winner (recorded settlement, never derived)",1.4,5,60,market_status · total_goals_market_active where present,-0.1,3,prog_score <= 0.35 AND lead_vs_line <= -140.5 AND dog_odds_vol_180 <= 0.2346
BAS_DRIFTED_0046,MODE3_202748.xlsx,True,True,,DRIFTED,Jobber,2.444,43.8,7.6,275,DRIFTED,backed-side price at arm,"final_winner (recorded settlement, never derived)",1.4,5,60,market_status · total_goals_market_active where present,0.55,2,line >= 170.0 AND pm_home <= 2.6314
BAS_spec:TG_Hist_0072,MODE3_202748.xlsx,True,False,1 term(s) the engine cannot rebuild: pace_last_300s_vs_line,spec:TG_Historical_vs_Handicap_Under,Vision,1.912,56.4,7.5,483,spec:TG_Historical_vs_Handicap_Under,backed-side price at arm,"final_winner (recorded settlement, never derived)",1.4,5,60,market_status · total_goals_market_active where present,-0.34,3,prog >= 0.7151017554368007 AND time_at_this_price < 52.915909090909054 AND pace_last_300s_vs_line >= -159.72
BAS_prop:first_s_0059,MODE3_202748.xlsx,True,True,,prop:first_scorer_hold,Jobber,2.357,47.9,7.4,347,prop:first_scorer_hold,backed-side price at arm,"final_winner (recorded settlement, never derived)",1.4,5,60,market_status · total_goals_market_active where present,-5.5,2,u_overround <= 1.1109 AND req_ratio <= 1.3805
BAS_tg_under_0009,MODE3_202748.xlsx,True,False,1 term(s) the engine cannot rebuild: pc_51f228a2,tg_under,Npc,1.755,60.7,7.1,403,tg_under,backed-side price at arm,"final_winner (recorded settlement, never derived)",1.4,5,60,market_status · total_goals_market_active where present,0.57,4,wall_min <= 171.805 AND lead_m15 <= 1.0 AND pc_51f228a2 <= -0.1057 AND secs_since_price <= 0.0
BAS_prop:first_s_0054,MODE3_202748.xlsx,True,False,1 term(s) the engine cannot rebuild: rk_odds_ratio,prop:first_scorer_hold,Jobber,2.254,47.9,7.1,318,prop:first_scorer_hold,backed-side price at arm,"final_winner (recorded settlement, never derived)",1.4,5,60,market_status · total_goals_market_active where present,-0.87,5,line_open >= 140.0 AND prog_score <= 0.35 AND rk_odds_ratio <= 2.3716 AND leader_runmax >= 1.8456 AND tot_vs_line <= -128.8692
BAS_late_lead_ho_0007,MODE3_202748.xlsx,True,True,,,Jobber,2.374,45.7,6.8,392,,backed-side price at arm,"final_winner (recorded settlement, never derived)",1.4,5,60,market_status · total_goals_market_active where present,-1.69,5,prog_score <= 0.35 AND line_move <= 4.0 AND price_gap <= 1.89 AND opp_drift <= 1.0811 AND trail <= 6.0
BAS_prop:first_s_0055,MODE3_202748.xlsx,True,False,1 term(s) the engine cannot rebuild: tg_overround,prop:first_scorer_hold,Jobber,2.429,45.5,6.8,300,prop:first_scorer_hold,backed-side price at arm,"final_winner (recorded settlement, never derived)",1.4,5,60,market_status · total_goals_market_active where present,-3.72,4,prog_score <= 0.35 AND lead_vs_line <= -140.5 AND req_ratio >= 1.195 AND tg_overround <= 1.1237
BAS_q1_winner_0139,MODE3_202748.xlsx,True,False,1 term(s) the engine cannot rebuild: rk_implied_edge,q1_winner,Npc,1.498,71.3,6.5,371,q1_winner,backed-side price at arm,"final_winner (recorded settlement, never derived)",1.4,5,60,market_status · total_goals_market_active where present,-0.31,2,X_q1_lead__minus__u_overround >= 1.88889 AND rk_implied_edge >= 0.0764
BAS_prop:first_s_0098,MODE3_202748.xlsx,True,False,1 term(s) the engine cannot rebuild: rk_dog_odds,prop:first_scorer_hold,Npc,1.568,67.9,6.4,344,prop:first_scorer_hold,backed-side price at arm,"final_winner (recorded settlement, never derived)",1.4,5,60,market_status · total_goals_market_active where present,-0.07,3,prog_score <= 0.35 AND rk_dog_odds >= 1.8351 AND opp >= 1.91
BAS_prop:drifter_0029,MODE3_202748.xlsx,True,True,,prop:drifter_vs_open,Feeder,5.159,21.4,6.2,327,prop:drifter_vs_open,backed-side price at arm,"final_winner (recorded settlement, never derived)",1.4,5,60,market_status · total_goals_market_active where present,-4.2,6,line_open >= 140.0 AND pm_away <= 2.92 AND leader_runmax <= 3.66 AND secs_since_run_started >= 0.0 AND u_trend <= -5.7851 AND total_goals_handicap_ffill <= 197.5
BAS_prop:drifter_0026,MODE3_202748.xlsx,True,False,1 term(s) the engine cannot rebuild: both_scored,prop:drifter_vs_open,Ino,5.452,18.8,6,316,prop:drifter_vs_open,backed-side price at arm,"final_winner (recorded settlement, never derived)",1.4,5,60,market_status · total_goals_market_active where present,3.5,3,line >= 170.0 AND X_minute__over__u_vol <= 2696.29 AND both_scored >= 1.0
BAS_late_lead_ho_0115,MODE3_202748.xlsx,True,False,1 term(s) the engine cannot rebuild: trailer_price,late_lead_hold,Npc,1.575,67.6,5.9,420,late_lead_hold,backed-side price at arm,"final_winner (recorded settlement, never derived)",1.4,5,60,market_status · total_goals_market_active where present,-0.57,4,prog_score <= 0.35 AND u_ratio_open <= 3.0575 AND trailer_price >= 1.8315 AND prematch_dog_odds >= 1.9465
BAS_late_lead_ho_0103,MODE3_202748.xlsx,True,False,1 term(s) the engine cannot rebuild: lead_changes_300s,late_lead_hold,Npc,1.622,66.1,5.9,354,late_lead_hold,backed-side price at arm,"final_winner (recorded settlement, never derived)",1.4,5,60,market_status · total_goals_market_active where present,-1.31,4,dog_odds_vol_180 <= 0.15546 AND price_gap >= 0.04 AND lead_changes_300s <= 2.0 AND line_open >= 134.5
BAS_spec:TG_Hist_0071,MODE3_202748.xlsx,True,True,,spec:TG_Historical_vs_Handicap_Under,Vision,1.885,56.2,5.9,371,spec:TG_Historical_vs_Handicap_Under,backed-side price at arm,"final_winner (recorded settlement, never derived)",1.4,5,60,market_status · total_goals_market_active where present,-0.04,2,prog_score >= 0.45 AND u_drift_opp <= 11.7818
BAS_spread_dog_c_0118,MODE3_202748.xlsx,True,True,,spread_dog_cover,Vision,1.8,58.7,5.6,305,spread_dog_cover,backed-side price at arm,"final_winner (recorded settlement, never derived)",1.4,5,60,market_status · total_goals_market_active where present,-0.06,5,line_open >= 140.0 AND need_frac >= 0.4 AND prog_score <= 0.35 AND lead_vs_line <= -154.5 AND X_X_u_elapsed__minus__u_time_in_lead__over__X_u_pace__over__u_time_in_lead >= -0.0083
BAS_prop:garbage_0127,MODE3_202748.xlsx,True,True,,prop:garbage_under,Vision,1.763,59.7,5.4,340,prop:garbage_under,backed-side price at arm,"final_winner (recorded settlement, never derived)",1.4,5,60,market_status · total_goals_market_active where present,0.15,2,lead_m15 <= 0.0 AND u_overround >= 1.0508
BAS_tg_under_lag_0135,MODE3_202748.xlsx,True,False,1 term(s) the engine cannot rebuild: u_ratio_shift,tg_under_lag,Vision,1.927,55.1,5.3,361,tg_under_lag,backed-side price at arm,"final_winner (recorded settlement, never derived)",1.4,5,60,market_status · total_goals_market_active where present,-0.88,4,line_open >= 140.0 AND need_frac >= 0.4 AND dog_odds_vol_180 >= 0.0469 AND u_ratio_shift >= 0.395
BAS_prop:first_s_0089,MODE3_202748.xlsx,True,False,"3 term(s) the engine cannot rebuild: lead_changes_300s, pc_f3e46219, trailer_price",prop:first_scorer_hold,Npc,1.612,65.5,5.2,370,prop:first_scorer_hold,backed-side price at arm,"final_winner (recorded settlement, never derived)",1.4,5,60,market_status · total_goals_market_active where present,-0.39,5,prog_score <= 0.35 AND u_ratio_open <= 3.0575 AND trailer_price >= 1.8315 AND pc_f3e46219 <= 2.0943 AND lead_changes_300s <= 1.0
BAS_prop:first_s_0047,MODE3_202748.xlsx,True,False,"2 term(s) the engine cannot rebuild: rk_odds_ratio, tg_overround",prop:first_scorer_hold,Jobber,2.198,48.7,5.2,320,prop:first_scorer_hold,backed-side price at arm,"final_winner (recorded settlement, never derived)",1.4,5,60,market_status · total_goals_market_active where present,-1.84,5,line_open >= 140.0 AND prog_score <= 0.35 AND rk_odds_ratio <= 2.3716 AND X_minute__minus__u_drought <= 28.0923 AND tg_overround <= 1.1237
BAS_prop:first_s_0097,MODE3_202748.xlsx,True,False,"3 term(s) the engine cannot rebuild: lead_changes_300s, pc_f3e46219, rk_dog_odds",prop:first_scorer_hold,Npc,1.599,66.1,5.1,338,prop:first_scorer_hold,backed-side price at arm,"final_winner (recorded settlement, never derived)",1.4,5,60,market_status · total_goals_market_active where present,-0.59,4,dog_odds_vol_180 <= 0.15546 AND rk_dog_odds >= 1.85 AND pc_f3e46219 <= 2.0943 AND lead_changes_300s <= 1.0
BAS_prop:first_s_0091,MODE3_202748.xlsx,True,True,,prop:first_scorer_hold,Npc,1.645,64.7,5,331,prop:first_scorer_hold,backed-side price at arm,"final_winner (recorded settlement, never derived)",1.4,5,60,market_status · total_goals_market_active where present,-1.43,5,total_points_under >= 1.75 AND hour >= 2.0 AND away_odds >= 1.159999966621399 AND tot_vs_line <= -129.823 AND opp >= 1.53
BAS_prop:held_le_0182,MODE3_202748.xlsx,True,False,1 term(s) the engine cannot rebuild: rk_fav_odds,prop:held_lead,Jobber,2.155,49,4.9,304,prop:held_lead,backed-side price at arm,"final_winner (recorded settlement, never derived)",1.4,5,60,market_status · total_goals_market_active where present,-0.69,2,rk_fav_odds >= 1.23 AND u_ratio_open <= 2.842
BAS_dog_leading_0148,MODE3_202748.xlsx,True,False,"2 term(s) the engine cannot rebuild: open_vs_now_lead, pc_f3e46219",dog_leading,Jobber,2.406,43.6,4.9,319,dog_leading,backed-side price at arm,"final_winner (recorded settlement, never derived)",1.4,5,60,market_status · total_goals_market_active where present,0,5,line_open >= 140.0 AND need_frac >= 0.4 AND open_vs_now_lead <= 0.9043 AND motif_0 <= 0.0 AND pc_f3e46219 >= -0.4756
BAS_spec:Loser_1_0023,MODE3_202748.xlsx,True,False,1 term(s) the engine cannot rebuild: total_line_move,spec:Loser_1G,Ino,5.383,18.4,4.9,309,spec:Loser_1G,backed-side price at arm,"final_winner (recorded settlement, never derived)",1.4,5,60,market_status · total_goals_market_active where present,5.85,4,time_at_this_price <= 28.2017 AND lead_vs_line <= -170.833 AND total_line_move >= -4.0 AND lead_m30 <= 1.0
BAS_tg_under_lag_0136,MODE3_202748.xlsx,True,False,1 term(s) the engine cannot rebuild: rk_lead_off_high,tg_under_lag,Vision,1.907,55.2,4.8,418,tg_under_lag,backed-side price at arm,"final_winner (recorded settlement, never derived)",1.4,5,60,market_status · total_goals_market_active where present,-0.47,4,line_open >= 140.0 AND rk_lead_off_high >= 0.2333 AND lead_m15 <= 1.0 AND line_vel <= 1.0
BAS_lead_ml_0144,MODE3_202748.xlsx,True,False,1 term(s) the engine cannot rebuild: open_vs_now_lead,lead_ml,Jobber,2.402,43.9,4.8,327,lead_ml,backed-side price at arm,"final_winner (recorded settlement, never derived)",1.4,5,60,market_status · total_goals_market_active where present,-0.65,6,line_open >= 140.0 AND need_frac >= 0.4 AND open_vs_now_lead <= 0.9043 AND motif_0 <= 0.0 AND X_minute__minus__u_drought <= 26.2769 AND req_ratio >= 1.1951
BAS_spec:TG_Hist_0014,MODE3_202748.xlsx,True,True,,spec:TG_Historical_vs_Handicap_Under,Vision,1.78,58.5,4.7,430,spec:TG_Historical_vs_Handicap_Under,backed-side price at arm,"final_winner (recorded settlement, never derived)",1.4,5,60,market_status · total_goals_market_active where present,0.57,5,prog_score <= 0.35 AND line_move <= 4.0 AND price_gap <= 1.89 AND opp_drift <= 1.0811 AND need_vs_expected <= 168.5
BAS_prop:match_t_0073,MODE3_202748.xlsx,True,False,1 term(s) the engine cannot rebuild: rk_odds_ratio,prop:match_total_pace,Vision,1.931,54.5,4.7,365,prop:match_total_pace,backed-side price at arm,"final_winner (recorded settlement, never derived)",1.4,5,60,market_status · total_goals_market_active where present,-0.54,2,rk_odds_ratio <= 2.6602 AND lead_vs_line >= -173.8462
BAS_tg_under_lag_0035,MODE3_202748.xlsx,True,True,,tg_under_lag,Vision,1.78,58.8,4.6,380,tg_under_lag,backed-side price at arm,"final_winner (recorded settlement, never derived)",1.4,5,60,market_status · total_goals_market_active where present,-0.06,4,time_at_this_price <= 28.2017 AND u_vf <= 0.8899 AND ld_rank >= 0.625 AND is_big_lead >= 0.2821
BAS_lead_ml_0082,MODE3_202748.xlsx,True,False,"2 term(s) the engine cannot rebuild: rk_implied_edge, u_drought",lead_ml,Npc,1.494,69.8,4.3,330,lead_ml,backed-side price at arm,"final_winner (recorded settlement, never derived)",1.4,5,60,market_status · total_goals_market_active where present,0.02,3,prog_score <= 0.35 AND rk_implied_edge >= 0.107 AND u_drought <= 71.4786
BAS_tg_under_0068,MODE3_202748.xlsx,True,True,,tg_under,Vision,1.907,54.9,4.3,412,tg_under,backed-side price at arm,"final_winner (recorded settlement, never derived)",1.4,5,60,market_status · total_goals_market_active where present,-0.39,3,prog >= 0.7151017554368007 AND time_at_this_price < 52.915909090909054 AND X_X_u_elapsed__minus__u_time_in_lead__over__X_u_pace__over__u_time_in_lead <= 0.0249
BAS_tg_under_0003,MODE3_202748.xlsx,True,True,,tg_under,Vision,1.78,58.3,4.2,418,tg_under,backed-side price at arm,"final_winner (recorded settlement, never derived)",1.4,5,60,market_status · total_goals_market_active where present,0.43,5,prog_score <= 0.35 AND line_move <= 4.0 AND price_gap <= 1.89 AND opp_drift <= 1.0811 AND tot_vs_line >= -174.5
BAS_tg_under_lag_0132,MODE3_202748.xlsx,True,False,"2 term(s) the engine cannot rebuild: pace_vs_line_pct, trailer_price",tg_under_lag,Vision,1.933,54.2,4.1,330,tg_under_lag,backed-side price at arm,"final_winner (recorded settlement, never derived)",1.4,5,60,market_status · total_goals_market_active where present,-0.67,5,line_open >= 140.0 AND need_frac >= 0.4 AND trailer_price >= 1.8471 AND pace_vs_line_pct >= -0.9852 AND eng_minute_ge_2 >= 1.0
BAS_late_lead_ho_0166,MODE3_202748.xlsx,True,False,"3 term(s) the engine cannot rebuild: lead_changes_300s, rk_odds_ratio, tg_overround",late_lead_hold,Jobber,2.293,46,4.1,319,late_lead_hold,backed-side price at arm,"final_winner (recorded settlement, never derived)",1.4,5,60,market_status · total_goals_market_active where present,-1.38,6,line_open >= 140.0 AND prog_score <= 0.35 AND rk_odds_ratio <= 2.3716 AND X_minute__minus__u_drought <= 28.0923 AND lead_changes_300s <= 2.0 AND tg_overround <= 1.1237
BAS_tg_under_0012,MODE3_202748.xlsx,True,True,,tg_under,Vision,1.767,58.7,4,805,tg_under,backed-side price at arm,"final_winner (recorded settlement, never derived)",1.4,5,60,market_status · total_goals_market_active where present,0.28,2,u_jump >= 0.9449 AND total_points_under <= 1.8
BAS_spec:Leader_0077,MODE3_202748.xlsx,True,False,"2 term(s) the engine cannot rebuild: overround_now, u_price",spec:Leader,Npc,1.553,67.3,3.7,353,spec:Leader,backed-side price at arm,"final_winner (recorded settlement, never derived)",1.4,5,60,market_status · total_goals_market_active where present,-0.82,3,prog_score <= 0.35 AND u_price <= 1.7584 AND overround_now <= 1.1135
BAS_spec:TG_Hist_0018,MODE3_202748.xlsx,True,False,1 term(s) the engine cannot rebuild: tg_imp_under,spec:TG_Historical_vs_Handicap_Under,Vision,1.766,58.5,3.7,555,spec:TG_Historical_vs_Handicap_Under,backed-side price at arm,"final_winner (recorded settlement, never derived)",1.4,5,60,market_status · total_goals_market_active where present,0.39,4,wall_min <= 171.805 AND lead_m15 <= 1.0 AND tg_imp_under >= 0.5435 AND secs_since_price <= 0.0
BAS_spec:TG_Hist_0069,MODE3_202748.xlsx,True,False,1 term(s) the engine cannot rebuild: rk_odds_ratio,spec:TG_Historical_vs_Handicap_Under,Vision,1.931,54,3.6,365,spec:TG_Historical_vs_Handicap_Under,backed-side price at arm,"final_winner (recorded settlement, never derived)",1.4,5,60,market_status · total_goals_market_active where present,-0.67,2,rk_odds_ratio <= 2.6602 AND lead_vs_line >= -173.8462
BAS_spec:HT_Unde_0122,MODE3_202748.xlsx,True,False,"2 term(s) the engine cannot rebuild: lead_changes_300s, rk_dog_odds",spec:HT_Underdog_Fade,Vision,1.744,59.4,3.5,321,spec:HT_Underdog_Fade,backed-side price at arm,"final_winner (recorded settlement, never derived)",1.4,5,60,market_status · total_goals_market_active where present,-0.09,3,prog_score <= 0.35 AND rk_dog_odds >= 1.8351 AND lead_changes_300s <= 2.0
BAS_tg_under_0001,MODE3_202748.xlsx,True,False,"2 term(s) the engine cannot rebuild: rk_odds_ratio, tg_proj_vs_line",tg_under,Vision,1.777,57.7,3.5,338,tg_under,backed-side price at arm,"final_winner (recorded settlement, never derived)",1.4,5,60,market_status · total_goals_market_active where present,0.97,3,rk_odds_ratio <= 2.6602 AND prog_q >= 0.4444 AND tg_proj_vs_line >= -167.5197
BAS_prop:first_s_0052,MODE3_202748.xlsx,True,False,"2 term(s) the engine cannot rebuild: rk_odds_ratio, total_line_move",prop:first_scorer_hold,Jobber,2.211,46.9,3.5,326,prop:first_scorer_hold,backed-side price at arm,"final_winner (recorded settlement, never derived)",1.4,5,60,market_status · total_goals_market_active where present,-0.2,4,line_open >= 140.0 AND prog_score <= 0.35 AND rk_odds_ratio <= 2.3716 AND total_line_move >= -4.0
BAS_late_lead_ho_0114,MODE3_202748.xlsx,True,False,1 term(s) the engine cannot rebuild: needed_rate_for_over,late_lead_hold,Npc,1.651,63.4,3.4,338,late_lead_hold,backed-side price at arm,"final_winner (recorded settlement, never derived)",1.4,5,60,market_status · total_goals_market_active where present,-1.27,3,dog_odds_vol_180 <= 0.15546 AND u_pace <= 58.0667 AND needed_rate_for_over >= 2.9473
BAS_prop:first_s_0058,MODE3_202748.xlsx,True,True,,prop:first_scorer_hold,Jobber,2.231,46.3,3.4,314,prop:first_scorer_hold,backed-side price at arm,"final_winner (recorded settlement, never derived)",1.4,5,60,market_status · total_goals_market_active where present,0.1,4,prog_score <= 0.35 AND lead_vs_line <= -151.823 AND opp_o <= 4.17 AND px_gap_ratio <= 1.442
BAS_prop:first_s_0051,MODE3_202748.xlsx,True,False,1 term(s) the engine cannot rebuild: rk_fav_odds,prop:first_scorer_hold,Jobber,2.242,46.2,3.3,329,prop:first_scorer_hold,backed-side price at arm,"final_winner (recorded settlement, never derived)",1.4,5,60,market_status · total_goals_market_active where present,-0.28,4,prog_score <= 0.35 AND lead_vs_line <= -140.5 AND secs_since_quarter_start <= 41.6871 AND rk_fav_odds >= 1.2738
BAS_late_lead_ho_0111,MODE3_202748.xlsx,True,False,1 term(s) the engine cannot rebuild: rk_fav_odds,late_lead_hold,Npc,1.543,67.6,3.2,343,late_lead_hold,backed-side price at arm,"final_winner (recorded settlement, never derived)",1.4,5,60,market_status · total_goals_market_active where present,-1.11,3,prog_score <= 0.35 AND rk_fav_odds <= 1.75 AND u_overround <= 1.113
BAS_h1_winner_0177,MODE3_202748.xlsx,True,True,,h1_winner,Npc,1.537,67.3,3.2,328,h1_winner,backed-side price at arm,"final_winner (recorded settlement, never derived)",1.4,5,60,market_status · total_goals_market_active where present,-0.24,3,time_at_this_price <= 28.2017 AND price_rank_in_match >= 0.3333 AND u_flat <= 0.4769
BAS_prop:first_s_0096,MODE3_202748.xlsx,True,False,1 term(s) the engine cannot rebuild: rk_odds_ratio,prop:first_scorer_hold,Npc,1.629,64.2,3.2,323,prop:first_scorer_hold,backed-side price at arm,"final_winner (recorded settlement, never derived)",1.4,5,60,market_status · total_goals_market_active where present,-1.38,5,prog_score <= 0.35 AND odds_ratio <= 1.2094 AND pts_last_60s <= 6.0 AND lead_m15 <= 1.0 AND rk_odds_ratio >= 1.0318
BAS_spec:TG_Hist_0070,MODE3_202748.xlsx,True,True,,spec:TG_Historical_vs_Handicap_Under,Vision,1.908,54.4,3.2,339,spec:TG_Historical_vs_Handicap_Under,backed-side price at arm,"final_winner (recorded settlement, never derived)",1.4,5,60,market_status · total_goals_market_active where present,-0.6,3,price_rank_in_match >= 0.3636365114164554 AND secs_since_score < 97.0 AND X_minute__over__u_pace <= 1.5057
BAS_prop:match_t_0021,MODE3_202748.xlsx,True,False,1 term(s) the engine cannot rebuild: pace_last_300s_vs_line,prop:match_total_pace,Vision,1.777,57.7,3.1,414,prop:match_total_pace,backed-side price at arm,"final_winner (recorded settlement, never derived)",1.4,5,60,market_status · total_goals_market_active where present,0.57,6,prog_score <= 0.35 AND line_move <= 4.0 AND price_gap <= 1.89 AND opp_drift <= 1.0811 AND trail <= 6.0 AND pace_last_300s_vs_line >= -174.5
BAS_late_lead_ho_0116,MODE3_202748.xlsx,True,False,"4 term(s) the engine cannot rebuild: lead_changes_300s, pc_2f7f4d0c, rk_dog_odds, rk_odds_ratio",late_lead_hold,Npc,1.585,65.8,3,354,late_lead_hold,backed-side price at arm,"final_winner (recorded settlement, never derived)",1.4,5,60,market_status · total_goals_market_active where present,-1.29,6,line_open >= 140.0 AND prog_score <= 0.35 AND rk_odds_ratio <= 2.3716 AND rk_dog_odds >= 1.84 AND pc_2f7f4d0c <= 0.6721 AND lead_changes_300s <= 2.0
BAS_spec:HT_Unde_0123,MODE3_202748.xlsx,True,True,,spec:HT_Underdog_Fade,Vision,1.737,59.5,3,331,spec:HT_Underdog_Fade,backed-side price at arm,"final_winner (recorded settlement, never derived)",1.4,5,60,market_status · total_goals_market_active where present,-0.35,4,total_points_under >= 1.75 AND pm_away <= 2.85 AND X_X_u_elapsed__minus__u_time_in_lead__minus__X_u_pace__over__u_time_in_lead <= -19.1179 AND u_vel_t <= 0.0198
BAS_prop:first_s_0053,MODE3_202748.xlsx,True,True,,prop:first_scorer_hold,Jobber,2.282,45.9,3,314,prop:first_scorer_hold,backed-side price at arm,"final_winner (recorded settlement, never derived)",1.4,5,60,market_status · total_goals_market_active where present,-1.74,4,line_open >= 140.0 AND need_frac >= 0.4 AND prog_score <= 0.1318 AND px_gap_ratio <= 1.4925
BAS_tg_under_0004,MODE3_202748.xlsx,True,False,1 term(s) the engine cannot rebuild: pace_last_300s_vs_line,tg_under,Vision,1.777,57.6,2.9,343,tg_under,backed-side price at arm,"final_winner (recorded settlement, never derived)",1.4,5,60,market_status · total_goals_market_active where present,0.54,6,prog_score <= 0.35 AND line_move <= 4.0 AND price_gap <= 1.89 AND opp_drift <= 1.0811 AND trail <= 6.0 AND pace_last_300s_vs_line >= -185.8205
BAS_tg_under_lag_0037,MODE3_202748.xlsx,True,False,1 term(s) the engine cannot rebuild: tg_proj_vs_line,tg_under_lag,Vision,1.779,57.5,2.9,466,tg_under_lag,backed-side price at arm,"final_winner (recorded settlement, never derived)",1.4,5,60,market_status · total_goals_market_active where present,0.61,4,prog_score <= 0.35 AND line_move <= 4.0 AND price_gap <= 1.89 AND tg_proj_vs_line >= -168.5
BAS_prop:late_le_0157,MODE3_202748.xlsx,True,False,1 term(s) the engine cannot rebuild: lead_changes_300s,prop:late_lead_hold,Npc,1.636,62.8,2.8,339,prop:late_lead_hold,backed-side price at arm,"final_winner (recorded settlement, never derived)",1.4,5,60,market_status · total_goals_market_active where present,0.06,4,dog_odds_vol_180 <= 0.15546 AND price_gap >= 0.04 AND lead_changes_300s <= 2.0 AND line_flat >= 1.0
BAS_late_lead_ho_0102,MODE3_202748.xlsx,True,False,1 term(s) the engine cannot rebuild: rk_dog_odds,late_lead_hold,Npc,1.637,63.2,2.7,314,late_lead_hold,backed-side price at arm,"final_winner (recorded settlement, never derived)",1.4,5,60,market_status · total_goals_market_active where present,-0.76,6,line_open >= 140.0 AND pm_away <= 2.92 AND leader_runmax <= 3.66 AND lead_vs_med <= 1.175 AND rk_dog_odds >= 1.83 AND u_trend <= -2.6556
BAS_late_lead_ho_0105,MODE3_202748.xlsx,True,False,"2 term(s) the engine cannot rebuild: pc_2f7f4d0c, trailer_price",late_lead_hold,Npc,1.557,66.7,2.6,371,late_lead_hold,backed-side price at arm,"final_winner (recorded settlement, never derived)",1.4,5,60,market_status · total_goals_market_active where present,-1.25,4,line_open >= 140.0 AND need_frac >= 0.4 AND trailer_price >= 1.8471 AND pc_2f7f4d0c <= 0.6917
BAS_spec:TG_Hist_0017,MODE3_202748.xlsx,True,False,1 term(s) the engine cannot rebuild: tg_proj_vs_line,spec:TG_Historical_vs_Handicap_Under,Vision,1.778,57.3,2.5,447,spec:TG_Historical_vs_Handicap_Under,backed-side price at arm,"final_winner (recorded settlement, never derived)",1.4,5,60,market_status · total_goals_market_active where present,0.62,4,prog_score <= 0.35 AND line_move <= 4.0 AND price_gap <= 1.89 AND tg_proj_vs_line >= -168.1895
BAS_tg_under_lag_0134,MODE3_202748.xlsx,True,False,1 term(s) the engine cannot rebuild: pace_last_300s_vs_line,tg_under_lag,Vision,1.916,53.8,2.5,559,tg_under_lag,backed-side price at arm,"final_winner (recorded settlement, never derived)",1.4,5,60,market_status · total_goals_market_active where present,-0.58,6,total_points_under >= 1.75 AND hour >= 2.0 AND away_odds >= 1.159999966621399 AND prog >= 0.25 AND recovery_x >= 1.0 AND pace_last_300s_vs_line >= -156.5908
BAS_late_lead_ho_0112,MODE3_202748.xlsx,True,False,1 term(s) the engine cannot rebuild: trailer_drift,late_lead_hold,Npc,1.623,63.9,2.4,387,late_lead_hold,backed-side price at arm,"final_winner (recorded settlement, never derived)",1.4,5,60,market_status · total_goals_market_active where present,-1.31,4,pm_ratio <= 3.6843 AND imbal >= 0.0164 AND line_flat >= 0.8667 AND trailer_drift >= 1.0222
BAS_spread_dog_c_0155,MODE3_202748.xlsx,True,False,"2 term(s) the engine cannot rebuild: lead_changes_300s, rk_dog_odds",spread_dog_cover,Vision,1.924,53.4,2.4,439,spread_dog_cover,backed-side price at arm,"final_winner (recorded settlement, never derived)",1.4,5,60,market_status · total_goals_market_active where present,-0.34,4,line_open >= 140.0 AND prog_score <= 0.35 AND rk_dog_odds >= 1.8392 AND lead_changes_300s <= 1.0
BAS_spec:HT_Unde_0124,MODE3_202748.xlsx,True,False,1 term(s) the engine cannot rebuild: pc_6a99ae09,spec:HT_Underdog_Fade,Vision,1.719,59.6,2.3,334,spec:HT_Underdog_Fade,backed-side price at arm,"final_winner (recorded settlement, never derived)",1.4,5,60,market_status · total_goals_market_active where present,-0.15,2,imbal >= 0.0217 AND pc_6a99ae09 >= -0.6204
BAS_tg_under_lag_0031,MODE3_202748.xlsx,True,False,1 term(s) the engine cannot rebuild: abs_margin_per_remaining_s,tg_under_lag,Vision,1.782,57.1,2.3,433,tg_under_lag,backed-side price at arm,"final_winner (recorded settlement, never derived)",1.4,5,60,market_status · total_goals_market_active where present,0.55,4,time_at_this_price <= 28.2017 AND u_vf <= 0.8899 AND abs_margin_per_remaining_s >= 0.0004 AND lead_vs_line >= -180.341
BAS_spread_dog_c_0119,MODE3_202748.xlsx,True,True,,spread_dog_cover,Vision,1.8,56.8,2.3,360,spread_dog_cover,backed-side price at arm,"final_winner (recorded settlement, never derived)",1.4,5,60,market_status · total_goals_market_active where present,0.06,5,line_open >= 140.0 AND need_frac >= 0.4 AND prog_score <= 0.35 AND u_ratio_open <= 3.0051 AND point_spread_handicap <= -1.5
BAS_pm_underdog_0044,MODE3_202748.xlsx,True,False,1 term(s) the engine cannot rebuild: pc_fea3bd2c,pm_underdog,Jobber,2.469,42.3,2.3,291,pm_underdog,backed-side price at arm,"final_winner (recorded settlement, never derived)",1.4,5,60,market_status · total_goals_market_active where present,-2.14,3,line_open >= 170.0 AND odds_ratio <= 2.4922 AND pc_fea3bd2c >= -0.6634951233863831
BAS_dog_leading_0147,MODE3_202748.xlsx,True,False,1 term(s) the engine cannot rebuild: tg_overround,dog_leading,Jobber,2.493,41.6,2.3,322,dog_leading,backed-side price at arm,"final_winner (recorded settlement, never derived)",1.4,5,60,market_status · total_goals_market_active where present,-1.41,4,line_open >= 140.0 AND prog_score <= 0.35 AND X_X_minute__x__u_pace__minus__X_u_elapsed__minus__u_time_in_lead <= 169.724 AND tg_overround <= 1.1237
BAS_spec:Leader_0079,MODE3_202748.xlsx,True,True,,spec:Leader,Npc,1.648,62.7,2.2,356,spec:Leader,backed-side price at arm,"final_winner (recorded settlement, never derived)",1.4,5,60,market_status · total_goals_market_active where present,-1.13,3,prog_score <= 0.35 AND dog_odds_vol_180 <= 0.1733 AND req_ratio <= 1.3177
BAS_tg_under_0006,MODE3_202748.xlsx,True,False,"2 term(s) the engine cannot rebuild: needed_rate_for_over, u_hazard",tg_under,Vision,1.774,57.4,2.2,408,tg_under,backed-side price at arm,"final_winner (recorded settlement, never derived)",1.4,5,60,market_status · total_goals_market_active where present,0.37,3,u_hazard <= -0.1409 AND needed_rate_for_over <= 3.6355 AND prog_q >= 0.0456
BAS_prop:shorten_0163,MODE3_202748.xlsx,True,True,,prop:shortener_vs_open,Jobber,2.275,45.1,2.1,332,prop:shortener_vs_open,backed-side price at arm,"final_winner (recorded settlement, never derived)",1.4,5,60,market_status · total_goals_market_active where present,-0.5,3,pm_ratio <= 3.6843 AND imbal >= 0.0164 AND u_jump >= 0.9459
BAS_late_lead_ho_0104,MODE3_202748.xlsx,True,False,1 term(s) the engine cannot rebuild: u_hazard,late_lead_hold,Npc,1.628,63.3,2,337,late_lead_hold,backed-side price at arm,"final_winner (recorded settlement, never derived)",1.4,5,60,market_status · total_goals_market_active where present,-1.05,5,line_open >= 140.0 AND prog_score <= 0.35 AND h_score <= 16.1205 AND u_hazard <= -0.1356 AND opp_velocity >= -0.0842
BAS_lead_ml_0085,MODE3_202748.xlsx,True,False,1 term(s) the engine cannot rebuild: home_pace,lead_ml,Npc,1.628,63.3,2,322,lead_ml,backed-side price at arm,"final_winner (recorded settlement, never derived)",1.4,5,60,market_status · total_goals_market_active where present,-1.05,3,dog_odds_vol_180 <= 0.15546 AND X_minute__over__u_vol <= 353.579 AND home_pace <= 23.5316
BAS_lead_ml_0086,MODE3_202748.xlsx,True,True,,lead_ml,Npc,1.621,63.6,1.9,396,lead_ml,backed-side price at arm,"final_winner (recorded settlement, never derived)",1.4,5,60,market_status · total_goals_market_active where present,-1.2,3,nchg_120 <= 2.0 AND retrace_lead <= 0.3623 AND dow >= 2.0
BAS_prop:first_s_0090,MODE3_202748.xlsx,True,False,"2 term(s) the engine cannot rebuild: pc_f3e46219, trailer_price",prop:first_scorer_hold,Npc,1.604,64,1.9,339,prop:first_scorer_hold,backed-side price at arm,"final_winner (recorded settlement, never derived)",1.4,5,60,market_status · total_goals_market_active where present,-0.76,4,line_open >= 140.0 AND need_frac >= 0.4 AND trailer_price >= 1.8471 AND pc_f3e46219 <= 2.3571
BAS_prop:garbage_0128,MODE3_202748.xlsx,True,False,1 term(s) the engine cannot rebuild: total_line_move,prop:garbage_under,Vision,1.761,57.8,1.9,307,prop:garbage_under,backed-side price at arm,"final_winner (recorded settlement, never derived)",1.4,5,60,market_status · total_goals_market_active where present,0.11,2,total_line_move >= -5.8769 AND total_line_move >= 0.0
BAS_tg_under_0067,MODE3_202748.xlsx,True,False,"2 term(s) the engine cannot rebuild: prog_x_margin, rk_odds_ratio",tg_under,Vision,1.932,53.1,1.9,300,tg_under,backed-side price at arm,"final_winner (recorded settlement, never derived)",1.4,5,60,market_status · total_goals_market_active where present,-0.69,5,rk_odds_ratio <= 2.6602 AND u_drift_opp >= 0.7584 AND motif_2 <= 0.0 AND prog_x_margin >= -2.5026 AND X_u_elapsed__minus__u_time_in_lead >= -0.2546
BAS_prop:held_le_0170,MODE3_202748.xlsx,True,False,"2 term(s) the engine cannot rebuild: pc_428f55cf, rk_implied_edge",prop:held_lead,Npc,1.482,68.5,1.8,323,prop:held_lead,backed-side price at arm,"final_winner (recorded settlement, never derived)",1.4,5,60,market_status · total_goals_market_active where present,0.28,2,rk_implied_edge >= 0.1704 AND pc_428f55cf <= 2.0819
BAS_late_lead_ho_0168,MODE3_202748.xlsx,True,False,1 term(s) the engine cannot rebuild: trailer_price,late_lead_hold,Jobber,2.208,45.8,1.8,412,late_lead_hold,backed-side price at arm,"final_winner (recorded settlement, never derived)",1.4,5,60,market_status · total_goals_market_active where present,0.67,2,trailer_price >= 1.34 AND retrace_lead <= 0.0439
BAS_prop:first_s_0065,MODE3_202748.xlsx,True,False,"3 term(s) the engine cannot rebuild: margin_per_possession, rk_odds_ratio, tg_overround",prop:first_scorer_hold,Jobber,2.341,45.8,1.8,316,prop:first_scorer_hold,backed-side price at arm,"final_winner (recorded settlement, never derived)",1.4,5,60,market_status · total_goals_market_active where present,-5.42,6,line_open >= 140.0 AND need_frac >= 0.4 AND prog_score <= 0.35 AND rk_odds_ratio <= 2.8601 AND margin_per_possession <= 0.0166 AND tg_overround <= 1.1236
BAS_prop:dog_lea_0151,MODE3_202748.xlsx,True,False,1 term(s) the engine cannot rebuild: tg_imp_over,prop:dog_leading_late,Jobber,2.394,43.8,1.8,339,prop:dog_leading_late,backed-side price at arm,"final_winner (recorded settlement, never derived)",1.4,5,60,market_status · total_goals_market_active where present,-3.06,3,u_overround <= 1.1109 AND u_ratio_open <= 2.8919 AND tg_imp_over <= 0.6235
BAS_prop:first_s_0064,MODE3_202748.xlsx,True,False,1 term(s) the engine cannot rebuild: rk_odds_ratio,prop:first_scorer_hold,Jobber,2.358,43.6,1.8,337,prop:first_scorer_hold,backed-side price at arm,"final_winner (recorded settlement, never derived)",1.4,5,60,market_status · total_goals_market_active where present,-1.01,5,line_open >= 140.0 AND need_frac >= 0.4 AND prog_score <= 0.35 AND rk_odds_ratio <= 2.8601 AND wall_min >= 138.5
BAS_spec:Leader_0078,MODE3_202748.xlsx,True,True,,spec:Leader,Npc,1.592,64.4,1.7,338,spec:Leader,backed-side price at arm,"final_winner (recorded settlement, never derived)",1.4,5,60,market_status · total_goals_market_active where present,-0.82,3,prog_score <= 0.35 AND loser_runmax >= 1.8722 AND dow >= 1.041
BAS_prop:drifter_0028,MODE3_202748.xlsx,True,True,,prop:drifter_vs_open,Feeder,5.264,20,1.7,348,prop:drifter_vs_open,backed-side price at arm,"final_winner (recorded settlement, never derived)",1.4,5,60,market_status · total_goals_market_active where present,-3.58,6,line_open >= 140.0 AND pm_away <= 2.92 AND leader_runmax <= 3.66 AND secs_since_run_started >= 0.0 AND fav_lead_m30 >= -1.0 AND u_trend <= -6.5658
BAS_prop:first_s_0093,MODE3_202748.xlsx,True,True,,prop:first_scorer_hold,Npc,1.653,62.1,1.6,418,prop:first_scorer_hold,backed-side price at arm,"final_winner (recorded settlement, never derived)",1.4,5,60,market_status · total_goals_market_active where present,-1.05,3,q <= 1.0 AND lead_m30 <= 1.0 AND opp >= 1.5927
BAS_tg_under_0008,MODE3_202748.xlsx,True,False,1 term(s) the engine cannot rebuild: tg_imp_under,tg_under,Vision,1.711,59.1,1.6,239,tg_under,backed-side price at arm,"final_winner (recorded settlement, never derived)",1.4,5,60,market_status · total_goals_market_active where present,0.48,3,time_at_this_price <= 28.2017 AND price_rank_in_match >= 0.3333 AND tg_imp_under >= 0.5682
BAS_DRIFTED_0121,MODE3_202748.xlsx,True,False,1 term(s) the engine cannot rebuild: rk_lead_off_low,DRIFTED,Npc,1.558,65.4,1.5,351,DRIFTED,backed-side price at arm,"final_winner (recorded settlement, never derived)",1.4,5,60,market_status · total_goals_market_active where present,-0.39,3,rk_lead_off_low <= 2.1135 AND imbal >= 0.0217 AND u_ratio_open >= 0.6317
BAS_prop:late_le_0158,MODE3_202748.xlsx,True,False,1 term(s) the engine cannot rebuild: margin_range_300s,prop:late_lead_hold,Npc,1.652,61.5,1.5,336,prop:late_lead_hold,backed-side price at arm,"final_winner (recorded settlement, never derived)",1.4,5,60,market_status · total_goals_market_active where present,-0.1,3,dog_odds_vol_180 <= 0.15546 AND margin_range_300s >= 4.0 AND ten_mins <= 23.4436
BAS_prop:shorten_0152,MODE3_202748.xlsx,True,False,1 term(s) the engine cannot rebuild: scores_300s,prop:shortener_vs_open,Npc,1.638,62,1.5,317,prop:shortener_vs_open,backed-side price at arm,"final_winner (recorded settlement, never derived)",1.4,5,60,market_status · total_goals_market_active where present,-0.06,5,lead_size >= 3.0 AND u_ratio_open <= 2.8107 AND scores_300s <= 4.0 AND fav_odds_trend_60 <= 0.2231 AND ten_mins <= 23.0897
BAS_spread_dog_c_0120,MODE3_202748.xlsx,True,True,,spread_dog_cover,Vision,1.8,56.4,1.5,309,spread_dog_cover,backed-side price at arm,"final_winner (recorded settlement, never derived)",1.4,5,60,market_status · total_goals_market_active where present,-0.02,4,line_open >= 140.0 AND retrace_lead <= 0.3163 AND secs_since_run_started >= 0.0 AND X_u_elapsed__minus__u_time_in_lead >= -0.1992
BAS_prop:first_s_0095,MODE3_202748.xlsx,True,False,1 term(s) the engine cannot rebuild: rk_odds_ratio,prop:first_scorer_hold,Npc,1.552,65.7,1.4,328,prop:first_scorer_hold,backed-side price at arm,"final_winner (recorded settlement, never derived)",1.4,5,60,market_status · total_goals_market_active where present,-0.57,6,total_points_under >= 1.75 AND hour >= 2.0 AND away_odds >= 1.159999966621399 AND total_points_over < 1.899999976158142 AND tot_vs_line <= -112.908 AND rk_odds_ratio >= 1.0867
BAS_DRIFTED_0045,MODE3_202748.xlsx,True,True,,DRIFTED,Jobber,2.43,41.9,1.4,328,DRIFTED,backed-side price at arm,"final_winner (recorded settlement, never derived)",1.4,5,60,market_status · total_goals_market_active where present,-0.42,3,lead_vs_line <= -160.315 AND open_gap <= 2.2797 AND pm_away >= 1.4
BAS_prop:fresh_l_0183,MODE3_202748.xlsx,True,False,1 term(s) the engine cannot rebuild: margin_range_300s,prop:fresh_lead,Npc,1.584,64.2,1.3,369,prop:fresh_lead,backed-side price at arm,"final_winner (recorded settlement, never derived)",1.4,5,60,market_status · total_goals_market_active where present,-0.39,2,lead_vs_med <= 1.0759 AND margin_range_300s <= 5.0
BAS_spread_dog_c_0178,MODE3_202748.xlsx,True,False,1 term(s) the engine cannot rebuild: price_move_since_score,spread_dog_cover,Jobber,2.065,49.2,1.3,350,spread_dog_cover,backed-side price at arm,"final_winner (recorded settlement, never derived)",1.4,5,60,market_status · total_goals_market_active where present,-0.3,2,price_move_since_score <= 1.0 AND u_overround <= 1.1091
BAS_dog_leading_0146,MODE3_202748.xlsx,True,False,"2 term(s) the engine cannot rebuild: open_vs_now_lead, tg_overround",dog_leading,Jobber,2.388,42.6,1.3,330,dog_leading,backed-side price at arm,"final_winner (recorded settlement, never derived)",1.4,5,60,market_status · total_goals_market_active where present,-0.43,6,line_open >= 140.0 AND need_frac >= 0.4 AND open_vs_now_lead <= 0.9043 AND motif_0 <= 0.0 AND X_minute__minus__u_drought <= 26.2769 AND tg_overround <= 1.1172
BAS_lead_ml_0087,MODE3_202748.xlsx,True,False,"2 term(s) the engine cannot rebuild: pc_428f55cf, rk_fav_odds",lead_ml,Npc,1.533,66.5,1.2,344,lead_ml,backed-side price at arm,"final_winner (recorded settlement, never derived)",1.4,5,60,market_status · total_goals_market_active where present,-0.74,4,prog_score <= 0.35 AND rk_fav_odds <= 1.75 AND margin_rate <= 6.6917 AND pc_428f55cf <= 2.0819
BAS_prop:first_s_0094,MODE3_202748.xlsx,True,False,"3 term(s) the engine cannot rebuild: leader_implied_gap, rk_fav_odds, tg_px_ratio",prop:first_scorer_hold,Npc,1.586,64.8,1.2,321,prop:first_scorer_hold,backed-side price at arm,"final_winner (recorded settlement, never derived)",1.4,5,60,market_status · total_goals_market_active where present,-1.57,4,prog_score <= 0.35 AND rk_fav_odds <= 1.75 AND leader_implied_gap >= -0.1701 AND tg_px_ratio <= 1.1098
BAS_spec:TG_Hist_0016,MODE3_202748.xlsx,True,False,1 term(s) the engine cannot rebuild: u_margin_abs,spec:TG_Historical_vs_Handicap_Under,Vision,1.773,56.8,1.2,411,spec:TG_Historical_vs_Handicap_Under,backed-side price at arm,"final_winner (recorded settlement, never derived)",1.4,5,60,market_status · total_goals_market_active where present,0.49,5,time_at_this_price <= 28.2017 AND u_vf <= 0.8899 AND ld_rank >= 0.625 AND u_margin_abs >= 2.0 AND total_points_under <= 1.8388
BAS_spec:HT_Unde_0042,MODE3_202748.xlsx,True,False,"2 term(s) the engine cannot rebuild: margin_per_possession, rk_odds_ratio",spec:HT_Underdog_Fade,Jobber,2.478,41.6,1.2,278,spec:HT_Underdog_Fade,backed-side price at arm,"final_winner (recorded settlement, never derived)",1.4,5,60,market_status · total_goals_market_active where present,-1.88,6,line_open >= 140.0 AND need_frac >= 0.4 AND prog_score <= 0.35 AND rk_odds_ratio <= 2.8601 AND margin_per_possession <= 0.0166 AND u_price_open >= 1.34
BAS_spec:Leader_0076,MODE3_202748.xlsx,True,False,"2 term(s) the engine cannot rebuild: lead_changes_total, pc_f3e46219",spec:Leader,Npc,1.631,62.3,1.1,345,spec:Leader,backed-side price at arm,"final_winner (recorded settlement, never derived)",1.4,5,60,market_status · total_goals_market_active where present,-0.51,6,prog_score <= 0.35 AND line_move <= 4.0 AND odds_ratio <= 1.227 AND lead_changes_total <= 2.0 AND lead_vs_line <= -145.692 AND pc_f3e46219 <= 1.9746
BAS_dog_leading_0141,MODE3_202748.xlsx,True,False,1 term(s) the engine cannot rebuild: lead_changes_300s,dog_leading,Vision,1.713,59.1,1.1,316,dog_leading,backed-side price at arm,"final_winner (recorded settlement, never derived)",1.4,5,60,market_status · total_goals_market_active where present,-0.14,3,dog_odds_vol_180 <= 0.15546 AND price_gap >= 0.04 AND lead_changes_300s <= 2.0
BAS_tg_under_0007,MODE3_202748.xlsx,True,False,1 term(s) the engine cannot rebuild: tg_imp_under,tg_under,Vision,1.775,56.5,1,314,tg_under,backed-side price at arm,"final_winner (recorded settlement, never derived)",1.4,5,60,market_status · total_goals_market_active where present,0.71,5,time_at_this_price <= 28.2017 AND u_vf <= 0.8899 AND ld_rank >= 0.625 AND is_big_lead >= 1.0 AND tg_imp_under >= 0.5462
BAS_lead_ml_0080,MODE3_202748.xlsx,True,False,1 term(s) the engine cannot rebuild: home_pace,lead_ml,Npc,1.633,62.6,0.9,339,lead_ml,backed-side price at arm,"final_winner (recorded settlement, never derived)",1.4,5,60,market_status · total_goals_market_active where present,-1.33,3,dog_odds_vol_180 <= 0.15546 AND u_pace <= 58.0667 AND home_pace >= 2.0
BAS_tg_under_lag_0038,MODE3_202748.xlsx,True,False,"2 term(s) the engine cannot rebuild: trailer_drift, u_drought",tg_under_lag,Vision,1.779,56.2,0.9,353,tg_under_lag,backed-side price at arm,"final_winner (recorded settlement, never derived)",1.4,5,60,market_status · total_goals_market_active where present,0.92,4,prog_score <= 0.35 AND u_ratio_open <= 3.0575 AND u_drought <= 1241.51 AND trailer_drift <= 1.0594
BAS_dog_leading_0150,MODE3_202748.xlsx,True,False,1 term(s) the engine cannot rebuild: tg_overround,dog_leading,Jobber,2.465,41,0.9,310,dog_leading,backed-side price at arm,"final_winner (recorded settlement, never derived)",1.4,5,60,market_status · total_goals_market_active where present,-0.16,5,prog_score <= 0.35 AND lead_vs_line <= -151.823 AND opp_o <= 4.17 AND tg_overround <= 1.1237 AND time_left <= 0.8889
BAS_prop:first_s_0099,MODE3_202748.xlsx,True,True,,prop:first_scorer_hold,Npc,1.627,62.3,0.8,339,prop:first_scorer_hold,backed-side price at arm,"final_winner (recorded settlement, never derived)",1.4,5,60,market_status · total_goals_market_active where present,-0.56,4,line_open >= 140.0 AND prog_score <= 0.35 AND h_score <= 16.1205 AND is_favorite >= 1.0
BAS_spec:Leader_0075,MODE3_202748.xlsx,True,False,1 term(s) the engine cannot rebuild: rk_dog_odds,spec:Leader,Npc,1.61,63.4,0.8,330,spec:Leader,backed-side price at arm,"final_winner (recorded settlement, never derived)",1.4,5,60,market_status · total_goals_market_active where present,-1.27,5,line_open >= 140.0 AND prog_score <= 0.35 AND rk_dog_odds >= 1.8392 AND X_u_elapsed__minus__u_time_in_lead <= 1.0763 AND total_points_handicap >= 150.4538
BAS_prop:held_le_0172,MODE3_202748.xlsx,True,False,1 term(s) the engine cannot rebuild: overround_now,prop:held_lead,Npc,1.552,65.1,0.7,368,prop:held_lead,backed-side price at arm,"final_winner (recorded settlement, never derived)",1.4,5,60,market_status · total_goals_market_active where present,-0.34,3,line_open >= 140.0 AND loser_runmin >= 1.2769 AND overround_now <= 1.121
BAS_late_lead_ho_0113,MODE3_202748.xlsx,True,False,1 term(s) the engine cannot rebuild: pace_last_300s_vs_line,late_lead_hold,Npc,1.634,62.4,0.7,361,late_lead_hold,backed-side price at arm,"final_winner (recorded settlement, never derived)",1.4,5,60,market_status · total_goals_market_active where present,-1.26,4,prog_score <= 0.35 AND lead_vs_line <= -151.823 AND opp_o <= 4.17 AND pace_last_300s_vs_line >= -171.0969
BAS_dog_leading_0149,MODE3_202748.xlsx,True,False,"2 term(s) the engine cannot rebuild: pace_last_300s_vs_line, tg_overround",dog_leading,Jobber,2.453,41.3,0.7,348,dog_leading,backed-side price at arm,"final_winner (recorded settlement, never derived)",1.4,5,60,market_status · total_goals_market_active where present,-0.61,3,line_open >= 140.0 AND pace_last_300s_vs_line <= -115.005 AND tg_overround <= 1.1237
BAS_spec:Early_H_0088,MODE3_202748.xlsx,True,False,1 term(s) the engine cannot rebuild: pc_dc4196fb,spec:Early_Hammer,Vision,1.99,50.9,0.6,340,spec:Early_Hammer,backed-side price at arm,"final_winner (recorded settlement, never derived)",1.4,5,60,market_status · total_goals_market_active where present,-0.69,3,lead_m15 <= 0.0 AND backed_pts_last_60s <= 4.4718 AND pc_dc4196fb <= -2.1901
BAS_prop:q4_clos_0129,MODE3_202748.xlsx,True,False,1 term(s) the engine cannot rebuild: rk_fav_odds,prop:q4_close_trailer,Feeder,5.205,20.8,0.5,311,prop:q4_close_trailer,backed-side price at arm,"final_winner (recorded settlement, never derived)",1.4,5,60,market_status · total_goals_market_active where present,-7.76,4,line_open >= 140.0 AND pm_away <= 2.92 AND rk_fav_odds >= 1.0142 AND lead_change_last_300s >= -5.0
BAS_trail_ml_0025,MODE3_202748.xlsx,True,False,1 term(s) the engine cannot rebuild: pc_aa16b0a5,trail_ml,Ino,5.451,18.2,0.5,362,trail_ml,backed-side price at arm,"final_winner (recorded settlement, never derived)",1.4,5,60,market_status · total_goals_market_active where present,1.29,2,lead_jump <= 0.9429 AND pc_aa16b0a5 >= -0.6013
BAS_prop:h1_lead_0175,MODE3_202748.xlsx,True,False,1 term(s) the engine cannot rebuild: rk_lead_off_high,prop:h1_leader_hold,Npc,1.568,64.2,0.4,369,prop:h1_leader_hold,backed-side price at arm,"final_winner (recorded settlement, never derived)",1.4,5,60,market_status · total_goals_market_active where present,-0.27,4,line_open >= 140.0 AND rk_lead_off_high >= 0.2333 AND lead_m15 <= 1.0 AND X_point_spread_home__x__q1_lead >= 1.8237
BAS_late_lead_ho_0106,MODE3_202748.xlsx,True,False,1 term(s) the engine cannot rebuild: rk_dog_odds,late_lead_hold,Npc,1.607,62.7,0.4,335,late_lead_hold,backed-side price at arm,"final_winner (recorded settlement, never derived)",1.4,5,60,market_status · total_goals_market_active where present,-0.36,5,line_open >= 140.0 AND prog_score <= 0.35 AND rk_dog_odds >= 1.8392 AND X_u_elapsed__minus__u_time_in_lead <= 1.0763 AND wall_min >= 131.5
BAS_tg_under_0066,MODE3_202748.xlsx,True,True,,tg_under,Vision,1.909,53,0.4,431,tg_under,backed-side price at arm,"final_winner (recorded settlement, never derived)",1.4,5,60,market_status · total_goals_market_active where present,-0.78,4,total_points_under >= 1.75 AND pm_away <= 2.85 AND X_X_u_elapsed__minus__u_time_in_lead__minus__X_u_pace__over__u_time_in_lead <= -19.1179 AND dog_odds_vol_180 <= 0.653
BAS_prop:held_le_0171,MODE3_202748.xlsx,True,True,,prop:held_lead,Npc,1.561,64.8,0.3,315,prop:held_lead,backed-side price at arm,"final_winner (recorded settlement, never derived)",1.4,5,60,market_status · total_goals_market_active where present,-0.85,5,line_open >= 140.0 AND pm_away <= 2.92 AND leader_runmax <= 3.66 AND lead_vs_med <= 1.175 AND line_flat >= 1.6026
BAS_tg_under_lag_0131,MODE3_202748.xlsx,True,False,1 term(s) the engine cannot rebuild: spread_cover_now,tg_under_lag,Vision,1.919,52.7,0.3,293,tg_under_lag,backed-side price at arm,"final_winner (recorded settlement, never derived)",1.4,5,60,market_status · total_goals_market_active where present,-0.83,3,dog_odds_vol_180 <= 0.15546 AND odds_ratio <= 1.209 AND spread_cover_now >= -4.4051
BAS_tg_under_lag_0137,MODE3_202748.xlsx,True,True,,tg_under_lag,Vision,1.926,52.4,0.3,306,tg_under_lag,backed-side price at arm,"final_winner (recorded settlement, never derived)",1.4,5,60,market_status · total_goals_market_active where present,-0.62,5,prog_score <= 0.35 AND odds_ratio <= 1.2094 AND pts_last_60s <= 6.0 AND lead_m15 <= 1.0 AND eng_score_tied <= 0.0
BAS_tg_under_lag_0133,MODE3_202748.xlsx,True,True,,tg_under_lag,Vision,1.91,52.5,0.2,347,tg_under_lag,backed-side price at arm,"final_winner (recorded settlement, never derived)",1.4,5,60,market_status · total_goals_market_active where present,-0.08,4,pm_ratio <= 3.6843 AND imbal >= 0.0164 AND line_flat >= 0.8667 AND pts_last_60s <= 4.4615
BAS_h1_winner_0176,MODE3_202748.xlsx,True,False,1 term(s) the engine cannot rebuild: pc_4fa6ab33,h1_winner,Npc,1.548,65.3,0.1,421,h1_winner,backed-side price at arm,"final_winner (recorded settlement, never derived)",1.4,5,60,market_status · total_goals_market_active where present,-0.98,3,total_points_under <= 1.9407 AND lead_q1h <= 1.0 AND pc_4fa6ab33 <= 0.6116
BAS_spec:Loser_1_0024,MODE3_202748.xlsx,True,True,,spec:Loser_1G,Ino,5.2,19.4,0.1,327,spec:Loser_1G,backed-side price at arm,"final_winner (recorded settlement, never derived)",1.4,5,60,market_status · total_goals_market_active where present,-0.78,6,line_open >= 140.0 AND pm_away <= 2.92 AND leader_runmax <= 3.66 AND secs_since_run_started >= 0.0 AND fav_lead_m30 >= -1.0 AND u_trend <= -5.7851
